,YEAR,TRI_FACILITY_ID,FRS_ID,FACILITY_NAME,STREET_ADDRESS,CITY,COUNTY,ST,ZIP,BIA_CODE,TRIBE,LATITUDE,LONGITUDE,FEDERAL_FACILITY,INDUSTRY_SECTOR_CODE,INDUSTRY_SECTOR,PRIMARY_SIC,SIC_2,SIC_3,SIC_4,SIC_5,SIC_6,PRIMARY_NAICS,NAICS_2,NAICS_3,NAICS_4,NAICS_5,NAICS_6,DOC_CTRL_NUM,CHEMICAL,CAS_#/COMPOUND_ID,SRS_ID,CLEAR_AIR_ACT_CHEMICAL,CLASSIFICATION,METAL,METAL_CATEGORY,CARCINOGEN,FORM_TYPE,UNIT_OF_MEASURE,5.1_FUGITIVE_AIR,5.2_STACK_AIR,5.3_WATER,5.4_UNDERGROUND,5.4.1_UNDERGROUND_CLASS_I,5.4.2_UNDERGROUND_CLASS_II-V,5.5.1_LANDFILLS,5.5.1A_RCRA_C_LANDFILLS,5.5.1B_OTHER_LANDFILLS,5.5.2_LAND_TREATMENT,5.5.3_SURFACE_IMPOUNDMENT,5.5.3A_RCRA_C_SURFACE_IMP.,5.5.3B_Other_SURFACE_IMP.,5.5.4_OTHER_DISPOSAL,ON-SITE_RELEASE_TOTAL,6.1_POTW-TRANSFERS_FOR_RELEASE,6.1_POTW-TRANSFERS_FOR_TREATM.,6.1_POTW-TOTAL_TRANSFERS,6.2_M10,6.2_M41,6.2_M62,6.2_M71,6.2_M81,6.2_M82,6.2_M72,6.2_M63,6.2_M66,6.2_M67,6.2_M64,6.2_M65,6.2_M73,6.2_M79,6.2_M90,6.2_M94,6.2_M99,OFF-SITE_RELEASE_TOTAL,6.2_M20,6.2_M24,6.2_M26,6.2_M28,6.2_M93,OFF-SITE_RECYCLED_TOTAL,6.2_M56,6.2_M92,OFF-SITE_RECOVERY_TOTAL,6.2_M40,6.2_M50,6.2_M54,6.2_M61,6.2_M69,6.2_M95,OFF-SITE_TREATED_TOTAL,TOTAL_RELEASES,8.1_RELEASES,8.1A_ON-SITE_CONTAINED_REL.,8.1B_ON-SITE_OTHER_RELEASES,8.1C_OFF-SITE_CONTAINED_REL.,8.1D_OFF-SITE_OTHER_RELEASES,8.2_ENERGY_RECOVERY_ON-SITE,8.3_ENERGY_RECOVERY_OFF-SITE,8.4_RECYCLING_ON-SITE, 8.5_RECYCLING_OFF-SITE,8.6_TREATMENT_ON-SITE,8.7_TREATMENT_OFF-SITE,PROD._WASTE_(8.1_THRU_8.7),8.8_ONE-TIME_RELEASE,PROD_RATIO_OR_ACTIVITY,8.9_PRODUCTION_RATIO,PARENT_COMPANY_NAME,PARENT_COMPANY_DB_NUMBER,SYS_STSITSSXSOLCHJPSAF7486K4RV,SYS_STSWGMX8O#197_NPUKVK#S5$QM
1516,2012,73401TTLPTHIGHW,1.10001e+11,VALERO REFINING CO -OKLAHOMA VALERO ARDMORE REFINERY,ONE VALERO WAY,ARDMORE,CARTER,OK,73401,,,34.20569,-97.10417,NO,324,Petroleum,,,,,,,324110,,,,,,1.31221e+12,BENZENE,71432,4754.0,YES,TRI,NO,0,YES,R,Pounds,2640.0,2733.0,5.0,0,0.0,0.0,0,0.0,0.0,0.0,0,0.0,0.0,0.0,5378.0,0.0,0.0,0.0,0.0,0.0,0.0,0,0.0,0.0,0,0,0.0,0.0,1.62,17.4,0.0,0.0,0.0,0.0,0.1,19.12,0.0,0.0,0.0,0.0,0.0,0.0,0.0,46.1,46.1,0.0,358.3,0.0,0.0,0.0,0.0,358.3,5397.12,0,0.0,5378.0,19.02,0.1,0.0,46.1,0.0,0.0,17657.0,358.3,23458.52,,,1.16,VALERO ENERGY CORP,,4.97104e+18,1.43527e+19
2015,2012,77983RCCRBHWY18,1.10044e+11,SEADRIFT COKE LP,8618 HWY 185 N,PORT LAVACA,CALHOUN,TX,77979,,,28.51343,-96.794646,NO,324,Petroleum,,,,,,,324199,,,,,,1.31221e+12,BENZENE,71432,4754.0,YES,TRI,NO,0,YES,R,Pounds,220.0,9.0,0.0,0,0.0,0.0,0,0.0,0.0,0.0,0,0.0,0.0,0.0,229.0,0.0,0.0,0.0,0.0,0.0,0.0,0,0.0,0.0,0,0,0.0,0.0,0.0,0.0,0.0,0.0,0.0,0.0,0.0,0.0,0.0,0.0,0.0,0.0,0.0,0.0,0.0,0.0,0.0,0.0,0.0,0.0,0.0,0.0,0.0,0.0,229.0,0,0.0,229.0,0.0,0.0,0.0,0.0,0.0,0.0,83.0,0.0,312.0,0.0,,0.93,GRAFTECH INTERNATIONAL LTD,877176578,1.69256e+19,1.51914e+19
3249,2012,98221PGTSN600ST,1.10008e+11,SHELL OIL PRODUCTS US - PUGET SOUND REFINERY,8505 SOUTH TEXAS RD,ANACORTES,SKAGIT,WA,98221,,,48.472836,-122.560194,NO,324,Petroleum,,,,,,,324110,,,,,,1.31221e+12,BENZENE,71432,4754.0,YES,TRI,NO,0,YES,R,Pounds,1749.0,1118.0,1.0,0,0.0,0.0,0,0.0,0.0,10.0,0,0.0,0.0,15.0,2893.0,0.0,0.0,0.0,0.0,0.0,0.0,0,0.0,0.0,0,0,0.0,0.0,0.0,0.0,0.0,0.0,0.0,0.0,0.0,0.0,0.0,0.0,0.0,0.0,0.0,0.0,0.0,0.0,0.0,0.0,80.0,0.0,0.0,0.0,0.0,80.0,2893.0,0,0.0,2893.0,0.0,0.0,0.0,0.0,0.0,0.0,27502.0,80.0,30475.0,,,1.16,SHELL OIL CO,131489817,6.61462e+18,1.22604e+19
4229,2012,36571LLPTRINDUS,1.10013e+11,SHELL CHEMICAL LP (MOBILE SITE ),400 INDUSTRIAL PKWY EXT,SARALAND,MOBILE,AL,36571,,,30.79742,-88.08354,NO,324,Petroleum,,,,,,,324110,,,,,,1.31221e+12,BENZENE,71432,4754.0,YES,TRI,NO,0,YES,R,Pounds,4345.0,4106.0,2.0,0,0.0,0.0,0,0.0,0.0,0.0,0,0.0,0.0,17.0,8470.0,0.0,0.0,0.0,0.0,0.0,0.0,0,0.0,0.0,0,0,0.0,287.92,0.0,0.0,0.0,0.0,0.0,0.16,28.67,316.75,0.0,0.0,0.0,0.0,0.0,0.0,2192.24,0.0,2192.24,0.0,0.0,0.0,0.0,0.0,0.0,0.0,8786.75,0,0.0,8453.0,0.0,316.75,0.0,2192.24,40779.0,0.0,118.0,0.0,51858.99,17.0,,0.86,SHELL PETROLEUM INC,131489817,1.27074e+19,1.23384e+19
5090,2012,70051MRTHNHWY61,1.10041e+11,MARATHON PETROLEUM CO LP,4663 W AIRLINE HWY,GARYVILLE,ST JOHN THE BAPTIST PARIS,LA,70051,,,30.06132,-90.59353,NO,324,Petroleum,,,,,,,324110,424710,324121,,,,1.31221e+12,BENZENE,71432,4754.0,YES,TRI,NO,0,YES,R,Pounds,23496.0,3923.0,22.0,0,0.0,0.0,0,0.0,0.0,0.0,0,0.0,0.0,3.0,27444.0,0.0,0.0,0.0,0.0,0.0,0.0,0,0.0,0.0,0,0,0.0,0.0,22.0,0.0,0.0,0.0,0.0,0.0,9.0,31.0,0.0,0.0,8.0,0.0,0.0,8.0,4.0,0.0,4.0,0.0,4.0,0.0,0.0,0.0,0.0,4.0,27475.0,0,0.0,27433.0,22.0,9.0,0.0,4.0,4706.0,8.0,60219.0,4.0,92405.0,11.0,,1.05,MARATHON PETROLEUM CORP,968393996,6.6001e+18,4.68357e+18
5220,2012,46394MCLCX2815I,1.1e+11,BP PRODUCTS NORTH AMERICA WHITING BUSINESS UNIT,2815 INDIANAPOLIS BLVD,WHITING,LAKE,IN,46394,,,41.663055,-87.479643,NO,324,Petroleum,,,,,,,324110,,,,,,1.31221e+12,BENZENE,71432,4754.0,YES,TRI,NO,0,YES,R,Pounds,14000.0,10000.0,110.0,0,0.0,0.0,0,0.0,0.0,0.0,0,0.0,0.0,0.0,24110.0,0.0,0.0,0.0,0.0,0.0,0.0,0,0.0,0.0,0,0,0.0,0.0,1300.0,0.0,0.0,6.0,0.0,0.0,0.0,1306.0,0.0,0.0,0.0,0.0,0.0,0.0,0.0,288.0,288.0,0.0,530.0,0.0,0.0,0.0,0.0,530.0,25416.0,0,0.0,24000.0,1300.0,6.0,0.0,290.0,0.0,0.0,80000.0,530.0,106126.0,23.0,,1.01,BP AMERICA INC,39596507,7.60137e+18,9.50825e+17
5585,2012,90744HNTWY1651A,1.1e+11,VALERO WILMINGTON ASPHALT PLANT,1651 ALAMEDA ST,WILMINGTON,LOS ANGELES,CA,90744,,,33.79699,-118.23971,NO,324,Petroleum,,,,,,,324110,,,,,,1.31221e+12,BENZENE,71432,4754.0,YES,TRI,NO,0,YES,R,Pounds,74.0,18.0,0.0,0,0.0,0.0,0,0.0,0.0,0.0,0,0.0,0.0,0.0,92.0,0.0,100.0,100.0,0.0,0.0,0.0,0,0.0,0.0,0,0,0.0,0.0,0.0,0.33,0.0,0.0,0.0,0.0,0.0,0.33,0.0,0.0,8.5,0.0,0.0,8.5,0.0,0.0,0.0,0.0,0.0,0.0,0.0,0.0,0.0,100.0,92.33,0,0.0,92.0,0.33,0.0,0.0,0.0,0.0,8.5,0.0,100.0,200.83,,,1.36,VALERO ENERGY CORP,82686916,5.54283e+18,2.74911e+18
5682,2012,99611TSRLSMILE2,1.10017e+11,TESORO ALASKA - KENAI REFINERY,MILE 22.5 KENAI SPUR HWY,KENAI,KENAI PENINSULA BOROUGH,AK,99611,,,60.683603,-151.367204,NO,324,Petroleum,,,,,,,324110,,,,,,1.31221e+12,BENZENE,71432,4754.0,YES,TRI,NO,0,YES,R,Pounds,1300.0,2400.0,0.0,0,0.0,0.0,0,0.0,0.0,0.0,0,0.0,0.0,1.0,3701.0,0.0,0.0,0.0,0.0,0.0,0.0,0,0.0,0.0,0,0,0.0,0.0,0.0,0.0,0.0,0.0,0.0,0.0,0.0,0.0,0.0,0.0,0.0,0.0,0.0,0.0,0.0,0.0,0.0,0.0,19.0,0.0,0.0,0.0,0.0,19.0,3701.0,0,0.0,3699.0,0.0,0.0,0.0,0.0,0.0,0.0,28000.0,19.0,31718.0,2.0,,0.87,TESORO CORP,8133480,1.5022e+17,1.28554e+19
5835,2012,78140LLPTRHWY87,1.10038e+11,LAZARUS REFINERY LLC,11372 US HWY 87 E,NIXON,WILSON,TX,78140,,,29.261336,-97.786582,NO,324,Petroleum,,,,,,,324110,,,,,,1.31221e+12,BENZENE,71432,4754.0,YES,TRI,NO,0,YES,R,Pounds,556.0,680.0,0.0,0,0.0,0.0,0,0.0,0.0,0.0,0,0.0,0.0,0.0,1236.0,0.0,148008.0,148008.0,0.0,0.0,0.0,0,0.0,0.0,0,0,0.0,0.0,0.0,0.0,0.0,0.0,0.0,0.0,0.0,0.0,0.0,0.0,0.0,0.0,0.0,0.0,0.0,0.0,0.0,0.0,0.0,0.0,0.0,0.0,0.0,148008.0,1236.0,0,0.0,1237.0,0.0,0.0,0.0,0.0,0.0,0.0,0.0,148008.0,149245.0,,,,,,1.69256e+19,5.6907e+18
6219,2012,77590MCLCM24015,1.10028e+11,BP AMOCO CHEMICAL COMPANY,2800 FM 519 EAST,TEXAS CITY,GALVESTON,TX,77590,,,29.362224,-94.9284,NO,324,Petroleum,,,,,,,324110,,,,,,1.31221e+12,BENZENE,71432,4754.0,YES,TRI,NO,0,YES,R,Pounds,12000.0,37000.0,0.0,0,40000.0,0.0,0,0.0,0.0,0.0,0,0.0,0.0,0.0,89000.0,0.0,0.0,0.0,0.0,0.0,0.0,0,0.0,0.0,0,0,0.0,0.0,0.0,0.0,0.0,0.0,0.0,0.0,0.0,0.0,229.0,0.0,603.0,0.0,0.0,832.0,4.0,0.0,4.0,0.0,288.0,0.0,0.0,0.0,0.0,288.0,89000.0,0,40000.0,49000.0,0.0,0.0,0.0,4.0,0.0,832.0,700000.0,288.0,790124.0,,,1.15,BP PRODUCTS N.A. INC,39596507,1.69256e+19,1.09281e+19
6222,2012,94553SHLLL3485P,1.1e+11,SHELL OIL PRODUCTS US-MARTINEZ REFINERY,3485 PACHECO BLVD,MARTINEZ,CONTRA COSTA,CA,94553,,,38.016594,-122.115392,NO,324,Petroleum,,,,,,,324110,424710,325188,325199,,,1.31221e+12,BENZENE,71432,4754.0,YES,TRI,NO,0,YES,R,Pounds,590.0,1400.0,0.0,0,0.0,0.0,0,0.0,0.0,0.0,0,0.0,0.0,0.0,1990.0,0.0,0.0,0.0,0.0,0.0,0.0,0,0.0,0.0,0,0,0.0,0.0,0.0,31.0,0.0,0.0,0.0,0.0,0.0,31.0,0.0,0.0,0.0,0.0,0.0,0.0,0.0,0.0,0.0,0.0,40.0,9.0,0.0,0.0,42.0,91.0,2021.0,0,0.0,2000.0,31.0,0.0,24.0,0.0,0.0,0.0,14000.0,91.0,16146.0,,,1.0,SHELL OIL CO,8090938,5.54283e+18,8.44409e+18
6315,2012,43616TWWST1819W,1.10001e+11,TWO WASTEWATER TREATMENT UNIT,1819 WOODVILLE RD,OREGON,LUCAS,OH,43616,,,41.62876,-83.505312,NO,324,Petroleum,,,,,,,324110,,,,,,1.31221e+12,BENZENE,71432,4754.0,YES,TRI,NO,0,YES,R,Pounds,2100.0,210.0,0.0,0,0.0,0.0,0,0.0,0.0,0.0,0,0.0,0.0,0.0,2310.0,0.0,6.0,6.0,0.0,0.0,0.0,0,0.0,0.0,0,0,0.0,0.0,0.0,0.0,0.0,0.0,0.0,0.0,0.0,0.0,73200.0,0.0,10.0,0.0,0.0,73210.0,0.0,0.0,0.0,0.0,0.0,0.0,0.0,0.0,0.0,6.0,2310.0,0,0.0,2310.0,0.0,0.0,0.0,0.0,0.0,73210.0,71000.0,6.0,146526.0,,,0.83,TREATED WATER OUTSOURCING (TWO) LLC,,1.77149e+19,6.02989e+18
6353,2012,90745NCLCR1520E,1.10038e+11,PHILLIPS 66 LOS ANGELES REFINERY CARSON PLANT,1520 E SEPULVEDA BLVD,CARSON,LOS ANGELES,CA,90745,,,33.8048,-118.2431,NO,324,Petroleum,,,,,,,324110,,,,,,1.31221e+12,BENZENE,71432,4754.0,YES,TRI,NO,0,YES,R,Pounds,120.0,550.0,0.0,0,0.0,0.0,0,0.0,0.0,0.0,0,0.0,0.0,0.0,670.0,0.0,470.0,470.0,0.0,0.0,0.0,0,0.0,0.0,0,0,0.0,0.0,1.0,0.0,0.0,0.0,0.0,0.0,0.0,1.0,0.0,0.0,0.0,0.0,0.0,0.0,0.0,0.0,0.0,0.0,0.0,0.0,0.0,0.0,0.0,470.0,671.0,0,0.0,670.0,1.0,0.0,0.0,0.0,0.0,0.0,0.0,470.0,1141.0,,,1.01,PHILLIPS 66 CO,78378508,5.54283e+18,1.36048e+19
6966,2012,46394MCLCX2815I,1.1e+11,BP PRODUCTS NORTH AMERICA WHITING BUSINESS UNIT,2815 INDIANAPOLIS BLVD,WHITING,LAKE,IN,46394,,,41.663055,-87.479643,NO,324,Petroleum,,,,,,,324110,,,,,,1.31221e+12,BENZENE,71432,4754.0,YES,TRI,NO,0,YES,R,Pounds,0.0,264.0,0.0,0,0.0,0.0,0,0.0,0.0,0.0,0,0.0,0.0,0.0,264.0,0.0,0.0,0.0,0.0,0.0,0.0,0,0.0,0.0,0,0,0.0,0.0,0.0,0.0,0.0,0.0,0.0,0.0,0.0,0.0,0.0,0.0,0.0,0.0,0.0,0.0,0.0,0.0,0.0,0.0,0.0,0.0,0.0,0.0,0.0,0.0,264.0,0,0.0,264.0,0.0,0.0,0.0,0.0,0.0,0.0,0.0,0.0,264.0,,,1.0,BP AMERICA INC,39596507,7.60137e+18,9.50825e+17
7467,2012,35401HNTRF1855F,1.1e+11,HUNT REFINING CO A CORP,1855 FAIRLAWN RD,TUSCALOOSA,TUSCALOOSA,AL,35401,,,33.2003,-87.607,NO,324,Petroleum,,,,,,,324110,,,,,,1.31221e+12,BENZENE,71432,4754.0,YES,TRI,NO,0,YES,R,Pounds,480.0,150.0,0.0,0,0.0,0.0,0,0.0,0.0,0.0,0,0.0,0.0,0.0,630.0,0.0,0.0,0.0,0.0,0.0,0.0,0,0.0,0.0,0,0,0.0,0.0,0.0,0.0,0.0,0.0,0.0,0.0,0.0,0.0,0.0,0.0,0.0,0.0,0.0,0.0,0.0,0.0,0.0,0.0,0.0,0.0,0.0,0.0,0.0,0.0,630.0,0,0.0,630.0,0.0,0.0,0.0,0.0,0.0,0.0,0.0,0.0,630.0,,,1.01,HUNT CONSOLIDATED INC,103994109,1.27074e+19,1.65461e+19
8269,2012,48218SCKBT14ZUG,1.10023e+11,EES COKE BATTERY LLC,1400 ZUG ISLAND,RIVER ROUGE,WAYNE,MI,48218,,,42.26956,-83.13643,NO,324,Petroleum,,,,,,,324199,,,,,,1.31221e+12,BENZENE,71432,4754.0,YES,TRI,NO,0,YES,R,Pounds,1104.0,66110.0,0.0,0,0.0,0.0,0,0.0,0.0,0.0,0,0.0,0.0,0.0,67214.0,0.0,0.0,0.0,0.0,0.0,0.0,0,0.0,0.0,0,0,0.0,0.0,0.0,0.0,0.0,0.0,0.0,0.0,0.0,0.0,0.0,0.0,0.0,0.0,0.0,0.0,0.0,0.0,0.0,0.0,3192.0,0.0,0.0,0.0,0.0,3192.0,67214.0,0,0.0,67214.0,0.0,0.0,1483614.0,0.0,0.0,0.0,817266.0,3192.0,2371286.0,,,0.8,DTE ENERGY CO,839329158,1.27876e+19,1.76611e+19
8335,2012,94572NCLSNOLDHI,1.1e+11,PHILLIPS 66 SAN FRANCISCO REFINERY,1380 SAN PABLO AVE,RODEO,CONTRA COSTA,CA,94572,,,38.0436,-122.2532,NO,324,Petroleum,,,,,,,324110,,,,,,1.31221e+12,BENZENE,71432,4754.0,YES,TRI,NO,0,YES,R,Pounds,1910.0,1004.0,1.0,0,0.0,0.0,0,0.0,0.0,0.0,0,0.0,0.0,0.0,2915.0,0.0,0.0,0.0,0.0,0.0,0.0,0,0.0,0.0,0,0,0.0,0.0,12.0,0.0,0.0,0.0,0.0,0.0,0.0,12.0,0.0,0.0,0.0,0.0,0.0,0.0,0.0,0.0,0.0,0.0,0.0,0.0,0.0,0.0,0.0,0.0,2927.0,0,0.0,2915.0,12.0,0.0,0.0,0.0,0.0,0.0,0.0,0.0,2927.0,,,1.02,PHILLIPS 66 CO,78378508,5.54283e+18,3.80209e+18
8470,2012,70143TNNCL500WE,1.10046e+11,CHALMETTE REFINING LLC,500 W ST BERNARD HWY,CHALMETTE,ST BERNARD PARISH,LA,70043,,,29.936411,-89.972954,NO,324,Petroleum,,,,,,,324110,424710.0,325110.0,,,,1.31221e+12,BENZENE,71432,4754.0,YES,TRI,NO,0,YES,R,Pounds,12500.0,16700.0,151.0,0,0.0,0.0,0,0.0,0.0,0.0,0,0.0,0.0,0.0,29351.0,0.0,0.0,0.0,0.0,0.0,0.0,0,0.0,0.0,0,0,0.0,0.0,9.0,1.0,0.0,0.0,0.0,0.0,1.0,11.0,0.0,0.0,0.0,0.0,0.0,0.0,0.0,0.0,0.0,0.0,61.0,0.0,0.0,0.0,0.0,61.0,29362.0,0,0.0,29351.0,10.0,1.0,0.0,0.0,0.0,0.0,317000.0,61.0,346423.0,,,0.98,,,6.6001e+18,1.3815e+18
9698,2012,19061SNRFNGREEN,1.10033e+11,SUNOCO LLC-RACE FUELS,100 GREEN ST,MARCUS HOOK,DELAWARE,PA,19061,,,39.814609,-75.42227,NO,324,Petroleum,,,,,,,324110,,,,,,1.31221e+12,BENZENE,71432,4754.0,YES,TRI,NO,0,YES,R,Pounds,9548.0,1426.0,0.0,0,0.0,0.0,0,0.0,0.0,0.0,0,0.0,0.0,0.0,10974.0,0.0,11241.0,11241.0,10.0,0.0,0.0,0,0.0,0.0,0,0,0.0,0.0,0.0,0.0,0.0,0.0,0.0,0.0,0.0,10.0,0.0,0.0,15.0,0.0,0.0,15.0,72.0,0.0,72.0,0.0,80.0,0.0,0.0,0.0,0.0,11321.0,10984.0,0,0.0,10974.0,0.0,0.0,0.0,0.0,0.0,0.0,0.0,11241.0,22215.0,177.0,,0.0,ENERGY TRANSFER EQUITY LP,610792264,2.77192e+18,1.12923e+19
10370,2012,78223HWLLH7811S,1.1e+11,CALUMET SAN ANTONIO REFINING LLC,7811 S PRESA ST,SAN ANTONIO,BEXAR,TX,78223,,,29.3476,-98.4603,NO,324,Petroleum,,,,,,,324110,,,,,,1.31221e+12,BENZENE,71432,4754.0,YES,TRI,NO,0,YES,R,Pounds,3133.0,1040.0,0.0,0,0.0,0.0,0,0.0,0.0,0.0,0,0.0,0.0,0.0,4173.0,0.0,1267.0,1267.0,0.0,0.0,0.0,0,176.0,0.0,0,0,0.0,0.0,0.0,0.0,0.0,0.0,0.0,0.0,0.0,176.0,0.0,0.0,127.0,0.0,0.0,127.0,0.0,0.0,0.0,0.0,0.0,0.0,0.0,0.0,0.0,1267.0,4349.0,0,0.0,4060.0,176.0,0.0,0.0,0.0,0.0,127.0,6525.0,1267.0,12155.0,113.0,,1.16,CALUMET SPECIALTY PRODUCTS PARTNERS LP,,1.69256e+19,1.16489e+19
10600,2012,59101CNCBL401SO,1.10044e+11,PHILLIPS 66 CO BILLINGS REFINERY,401 S 23RD ST,BILLINGS,YELLOWSTONE,MT,59101,,,45.77962,-108.49424,NO,324,Petroleum,,,,,,,324110,,,,,,1.31221e+12,BENZENE,71432,4754.0,YES,TRI,NO,0,YES,R,Pounds,6800.0,2100.0,0.63,0,0.0,0.0,0,0.0,0.0,0.0,0,0.0,0.0,0.1,8900.73,0.0,0.0,0.0,0.0,0.0,0.0,0,0.0,0.0,0,0,0.0,0.0,3.99,0.002,0.0,0.0,0.0,0.0,0.0,3.992,0.0,0.0,1.2,0.0,0.0,1.2,0.0,0.0,0.0,0.0,39.07,0.0,0.0,0.0,0.0,39.07,8904.722,0,0.0,8900.0,4.0,0.0,0.0,0.0,0.0,1.2,7300.0,39.0,16244.2,,,0.92,PHILLIPS 66 CO,78378508,8.5732e+18,1.13007e+19
10991,2012,78469VLRRF5900U,1.1e+11,VALERO REFINING-TEXAS LP CORPUS CHRISTI WEST PLANT,5900 UP RIVER RD,CORPUS CHRISTI,NUECES,TX,78407,,,27.81775,-97.482552,NO,324,Petroleum,,,,,,,324110,,,,,,1.31221e+12,BENZENE,71432,4754.0,YES,TRI,NO,0,YES,R,Pounds,6289.0,11273.0,2.3,0,0.0,0.0,0,0.0,0.0,0.0,0,0.0,0.0,0.0,17564.3,0.0,0.0,0.0,0.0,0.0,0.0,0,0.0,0.0,0,0,0.0,0.0,0.2354,34.0772,0.0,0.0,0.0,0.0,0.0,34.3126,0.0,0.0,0.67511,0.0,0.0,0.67511,79.8317,0.0,79.8317,0.0,12.89875,0.0,0.0,0.0,0.0,12.89875,17598.6126,0,0.0,17564.3,25.3126,0.0,0.0,79.8317,319966.0,0.67511,400268.0,12.89875,737917.0182,9.0,,1.03,VALERO ENERGY CORP,82686916,1.69256e+19,2.19884e+18
12429,2012,82701WYMNG740WE,1.1e+11,WYOMING REFINING CO,10 STAMPEDE ST,NEWCASTLE,WESTON,WY,82701,,,43.85126,-104.21486,NO,324,Petroleum,,,,,,,324110,,,,,,1.31221e+12,BENZENE,71432,4754.0,YES,TRI,NO,0,YES,R,Pounds,666.2,522.1,0.0,0,0.0,0.0,0,0.0,0.0,0.0,0,0.0,0.0,0.0,1188.3,0.0,0.0,0.0,0.0,0.0,0.0,0,0.0,0.0,0,0,0.0,0.0,0.0,0.0,0.0,0.0,0.0,0.0,0.0,0.0,0.0,0.0,0.0,0.0,0.0,0.0,0.0,0.0,0.0,0.0,58.0,0.0,0.0,0.0,0.0,58.0,1188.3,0,0.0,1188.3,0.0,0.0,0.0,0.0,0.0,0.0,0.0,58.0,1246.3,,,1.33,PAR PACIFIC,,5.89999e+18,5.87544e+18
12785,2012,07064MRDHS750CL,1.10057e+11,BUCKEYE PORT READING TERMINAL LLC,750 CLIFF RD,PORT READING,MIDDLESEX,NJ,7064,,,40.564223,-74.25076,NO,324,Petroleum,,,,,,,324110,,,,,,1.31221e+12,BENZENE,71432,4754.0,YES,TRI,NO,0,YES,R,Pounds,729.3,3711.0,0.0,0,0.0,0.0,0,0.0,0.0,0.0,0,0.0,0.0,0.0,4440.3,0.0,0.0,0.0,0.0,0.0,0.0,0,0.0,0.0,0,0,0.0,0.0,0.0,0.0,0.0,0.0,0.0,0.04,0.0,0.04,0.0,0.0,0.0,0.0,0.0,0.0,0.0,0.0,0.0,0.0,0.11,0.0,0.0,0.0,0.0,0.11,4440.34,0,0.0,4440.3,0.0,0.04,0.0,0.0,0.0,0.0,735.0,0.11,5175.45,,,0.92,BUCKEYE PORT READING TERMINAL LLC,112569892,8.50306e+18,1.67882e+19
12797,2012,15051MRCNRSTATE,1.10001e+11,KINDER MORGAN TRANSMIX CO LLC,918 RT 910,INDIANOLA,ALLEGHENY,PA,15051,,,40.571179,-79.863385,NO,324,Petroleum,,,,,,,324110,424710.0,,,,,1.31221e+12,BENZENE,71432,4754.0,YES,TRI,NO,0,YES,R,Pounds,276.95,43.18,3.37,0,0.0,0.0,0,0.0,0.0,0.0,0,0.0,0.0,0.0,323.5,0.0,0.0,0.0,0.0,0.0,0.0,0,0.0,0.0,0,0,0.0,0.0,0.0,0.0,0.0,0.0,0.0,0.0,0.0,0.0,103.11,0.0,0.0,0.0,0.0,103.11,0.0,0.0,0.0,0.0,0.46,0.0,0.0,0.0,0.0,0.46,323.5,0,0.0,323.5,0.0,0.0,0.0,0.0,0.0,103.11,5808.2,0.46,6235.27,,,0.74,KINDER MORGAN,,2.77192e+18,3.74134e+18
13767,2012,78410KCHRFSUNTI,1.10001e+11,FLINT HILLS RESOURCES CORPUS CHRISTI LLC - WEST PLANT,2825 SUNTIDE RD,CORPUS CHRISTI,NUECES,TX,78409,,,27.832011,-97.525582,NO,324,Petroleum,,,,,,,324110,325110.0,,,,,1.31221e+12,BENZENE,71432,4754.0,YES,TRI,NO,0,YES,R,Pounds,18048.0,16622.0,70.0,0,0.0,0.0,0,0.0,0.0,0.0,0,0.0,0.0,4.0,34744.0,0.0,0.0,0.0,0.0,0.0,0.0,0,0.0,0.0,0,0,0.0,0.0,0.0,13.0,0.0,0.0,0.0,0.0,0.0,13.0,0.0,0.0,78457.0,0.0,0.0,78457.0,0.0,0.0,0.0,0.0,1330.0,0.0,0.0,29.0,0.0,1359.0,34757.0,0,0.0,34744.0,13.0,0.0,952746.0,0.0,2.0,78457.0,235401.0,1359.0,1302722.0,,,1.12,KOCH INDUSTRIES INC,6944334,1.69256e+19,2.19884e+18
14537,2012,77480PHLLPSH35A,1.10007e+11,PHILLIPS 66 CO SWEENY REFINERY COMPLEX,8189 OLD FM 524,OLD OCEAN,BRAZORIA,TX,77463,,,29.070847,-95.750363,NO,324,Petroleum,,,,,,,324110,,,,,,1.31221e+12,BENZENE,71432,4754.0,YES,TRI,NO,0,YES,R,Pounds,17129.54,13686.0,0.0,0,0.0,0.0,0,0.0,0.0,0.0,0,0.0,0.0,0.0,30815.54,0.0,0.0,0.0,0.0,0.0,0.0,0,0.0,0.0,0,0,0.0,0.0,0.0,37.0,0.0,0.0,24.0,0.0,0.0,61.0,0.0,0.0,305.0,0.0,0.0,305.0,0.0,1146.0,1146.0,0.0,0.0,0.0,0.0,0.0,0.0,0.0,30876.54,0,0.0,30815.54,37.0,24.0,0.0,1146.0,0.0,305.0,684621.0,0.0,716948.54,,,1.0,PHILLIPS 66 CO,78378508,1.69256e+19,9.25984e+18
14978,2012,70079MTVNR15536,1.1e+11,MOTIVA ENTERPRISES LLC NORCO REFINERY,15536 RIVER RD,NORCO,ST CHARLES PARISH,LA,70079,,,30.001107,-90.402221,NO,324,Petroleum,,,,,,,324110,,,,,,1.31221e+12,BENZENE,71432,4754.0,YES,TRI,NO,0,YES,R,Pounds,7431.0,13524.0,0.0,0,0.0,0.0,0,0.0,0.69,0.0,0,0.0,0.0,0.0,20955.69,0.0,0.0,0.0,0.0,0.0,0.0,0,0.0,0.0,0,0,0.0,0.0,0.0,0.19,0.0,0.0,0.0,0.0,0.0,0.19,0.0,0.0,6.0,0.0,0.0,6.0,0.0,0.0,0.0,0.0,461178.0,105.0,144115.0,0.0,0.0,605398.0,20955.88,0,0.69,20955.0,0.19,0.0,0.0,0.0,198021.0,6.0,816942.0,605398.0,1641322.88,,,1.34,MOTIVA ENTERPRISES LLC,8090938,6.6001e+18,7.79989e+18
15125,2012,79008PHLLPSTATE,1.10042e+11,PHILLLIPS 66 CO BORGER REFINERY,STATE HWY SPUR 119 N,BORGER,HUTCHINSON,TX,79007,,,35.703056,-101.36305,NO,324,Petroleum,,,,,,,324110,,,,,,1.31221e+12,BENZENE,71432,4754.0,YES,TRI,NO,0,YES,R,Pounds,20000.0,22000.0,0.0,0,37.0,0.0,0,0.0,27.0,0.0,0,0.0,0.0,0.0,42064.0,0.0,0.0,0.0,0.0,0.0,0.0,0,0.0,0.0,0,0,0.0,0.0,5.0,0.0,0.0,0.0,0.0,0.0,0.0,5.0,0.0,0.0,250.0,0.0,0.0,250.0,0.0,0.0,0.0,0.0,0.0,0.0,0.0,0.0,0.0,0.0,42069.0,0,64.0,41965.0,5.0,0.0,0.0,0.0,0.0,250.0,0.0,0.0,42284.0,35.0,,0.87,PHILLIPS 66 CO,78378508,1.69256e+19,1.6837e+19
15857,2012,55164KCHRFPOBOX,1.1e+11,FLINT HILLS RESOURCES PINE BEND LLC,13775 CLARK RD,ROSEMOUNT,DAKOTA,MN,55068,,,44.7684,-93.0406,NO,324,Petroleum,,,,,,,324110,,,,,,1.31221e+12,BENZENE,71432,4754.0,YES,TRI,NO,0,YES,R,Pounds,430.0,6500.0,4.5,0,0.0,0.0,0,0.0,0.0,0.0,0,0.0,0.0,0.0,6934.5,0.0,0.0,0.0,0.0,0.0,0.0,0,0.0,0.0,0,0,0.0,0.0,7.0,0.2,0.0,0.0,0.0,0.0,0.0,7.2,0.0,0.0,1.8,0.0,0.0,1.8,0.2,0.0,0.2,0.0,708.0,36.9,0.0,0.0,0.0,744.9,6941.7,0,0.0,6934.5,7.2,0.0,0.0,0.2,300.0,1.8,41000.0,744.9,48988.6,,,1.01,KOCH INDUSTRIES INC,6944334,1.38108e+19,9.82872e+18
16803,2012,84087PHLLP393SO,1.1e+11,HOLLYFRONTIER WOODS CROSS REFINING LLC,393 S 800 W,WOODS CROSS,DAVIS,UT,84087,,,40.886022,-111.904759,NO,324,Petroleum,,,,,,,324110,,,,,,1.31221e+12,BENZENE,71432,4754.0,YES,TRI,NO,0,YES,R,Pounds,7200.0,1100.0,0.0,0,0.0,0.0,0,0.0,0.0,0.0,0,0.0,0.0,0.0,8300.0,0.0,3000.0,3000.0,0.0,0.0,0.0,0,0.0,0.0,0,0,0.0,0.0,0.0,0.0,0.0,0.0,0.0,0.0,0.0,0.0,0.0,0.0,0.0,0.0,0.0,0.0,0.0,0.0,0.0,0.0,5.0,0.0,0.0,0.0,0.0,3005.0,8300.0,0,0.0,8300.0,0.0,0.0,0.0,0.0,0.0,0.0,14000.0,3005.0,25305.0,,,1.02,HOLLYFRONTIER CORP,8965808,4.13081e+18,4.45867e+18
16949,2012,99705MPCLS1100H,1.10045e+11,FLINT HILLS RESOURCES ALASKA LLC,1100 H&H LN,NORTH POLE,FAIRBANKS NORTH STAR BORO,AK,99705,,,64.737264,-147.34844,NO,324,Petroleum,,,,,,,324110,,,,,,1.31221e+12,BENZENE,71432,4754.0,YES,TRI,NO,0,YES,R,Pounds,5407.9,265.72,1.97,0,0.0,0.0,0,0.0,0.0,0.0,0,0.0,0.0,0.0,5675.59,0.0,0.067,0.067,0.0,0.0,0.0,0,0.0,0.0,0,0,0.0,0.0,0.0,0.0,0.0,0.0,0.0,0.0,0.0,0.0,0.0,0.0,0.0,0.0,0.0,0.0,3.0,0.0,3.0,0.0,20.0,0.0,0.0,0.0,0.0,20.067,5675.59,0,0.0,5673.62,0.0,0.0,0.0,3.24,10441.83,0.0,400.67,20.44,16539.8,,,0.83,KOCH INDUSTRIES INC,6944334,1.5022e+17,1.56413e+19
17867,2012,19061BPLCMPOSTR,1.1e+11,MONROE ENERGY LLC-TRAINER REFINERY,4101 POST RD,TRAINER,DELAWARE,PA,19061,,,39.829311,-75.401169,NO,324,Petroleum,,,,,,,324110,,,,,,1.31221e+12,BENZENE,71432,4754.0,YES,TRI,NO,0,YES,R,Pounds,895.0,1493.0,10.0,0,0.0,0.0,0,0.0,0.0,0.0,0,0.0,0.0,0.0,2398.0,0.0,0.0,0.0,0.0,0.0,0.0,0,0.0,0.0,0,0,0.0,0.0,3.0,0.0,0.0,0.0,0.0,0.0,1.0,4.0,0.0,0.0,0.0,0.0,0.0,0.0,0.0,0.0,0.0,0.0,0.0,0.0,1.0,0.0,0.0,1.0,2402.0,0,0.0,2398.0,3.0,1.0,0.0,0.0,0.0,0.0,579.0,1.0,2982.0,,,0.3,DELTA AIR LINES INC.,6924872,2.77192e+18,1.1589e+19
18503,2012,60501WNSCR5824S,1.1e+11,OWENS CORNING ROOFING & ASPHALT LLC,5824 S  ARCHER RD,SUMMIT,COOK,IL,60501,,,41.78482,-87.81441,NO,324,Petroleum,,,,,,,324121,,,,,,1.31221e+12,BENZENE,71432,4754.0,YES,TRI,NO,0,YES,R,Pounds,0.0,1790.0,0.0,0,0.0,0.0,0,0.0,0.0,0.0,0,0.0,0.0,0.0,1790.0,0.0,0.0,0.0,0.0,0.0,0.0,0,0.0,0.0,0,0,0.0,0.0,0.0,0.0,0.0,0.0,0.0,0.0,0.0,0.0,0.0,0.0,0.0,0.0,0.0,0.0,103.0,0.0,103.0,0.0,0.0,0.0,0.0,0.0,0.0,0.0,1790.0,0,0.0,1790.0,0.0,0.0,0.0,103.0,0.0,0.0,30380.0,0.0,32273.0,,,0.94,OWENS CORNING,1317452,1.46196e+19,1.19265e+18
18619,2012,70075MRPHY2500E,1.1e+11,VALERO REFINING - MERAUX LLC MERAUX REFINERY,2500 E ST BERNARD HWY,MERAUX,ST BERNARD PARISH,LA,70075,,,29.930278,-89.943889,NO,324,Petroleum,,,,,,,324110,424710.0,,,,,1.31221e+12,BENZENE,71432,4754.0,YES,TRI,NO,0,YES,R,Pounds,1368.0,4677.0,0.0,0,0.0,0.0,0,0.0,0.0,0.0,0,0.0,0.0,8.0,6053.0,0.0,0.0,0.0,0.0,0.0,0.0,0,0.0,0.0,0,0,0.0,0.0,0.0,0.0,0.0,0.0,0.0,0.0,0.0,0.0,0.0,0.0,1.0,0.0,0.0,1.0,0.0,0.0,0.0,0.0,0.0,0.0,0.0,6.0,0.0,6.0,6053.0,0,0.0,6045.0,0.0,0.0,18692.0,0.0,0.0,1.0,123911.0,6.0,148655.0,8.0,,0.71,VALERO ENERGY CORP,82686916,6.6001e+18,2.45221e+18
18885,2012,74107SNRFN1700S,1.1e+11,HOLLYFRONTIER TULSA REFINING WEST FACILITY,1700 S UNION,TULSA,TULSA,OK,74107,,,36.13914,-96.02544,NO,324,Petroleum,,,,,,,324110,,,,,,1.31221e+12,BENZENE,71432,4754.0,YES,TRI,NO,0,YES,R,Pounds,5400.0,1400.0,250.0,0,0.0,0.0,0,0.0,0.0,0.0,0,0.0,0.0,0.0,7050.0,0.0,0.0,0.0,0.0,0.0,0.0,0,0.0,0.0,0,0,0.0,0.0,5.0,0.0,0.0,0.0,0.0,0.0,0.0,5.0,0.0,0.0,0.0,0.0,0.0,0.0,255.0,0.0,255.0,0.0,0.0,0.0,0.0,0.0,0.0,0.0,7055.0,0,0.0,6800.0,1.0,0.0,0.0,22.0,0.0,0.0,2700.0,0.0,9523.0,,,0.92,HOLLYFRONTIER CORP,8965808,4.97104e+18,1.71535e+19
18938,2012,19145TLNTC3144P,1.1e+11,PHILADELPHIA ENERGY SOLUTIONS REFINING PHILADELPHIA REFINERY,3144 PASSYUNK AVE,PHILADELPHIA,PHILADELPHIA,PA,19145,,,39.91354,-75.19889,NO,324,Petroleum,,,,,,,324110,,,,,,1.31221e+12,BENZENE,71432,4754.0,YES,TRI,NO,0,YES,R,Pounds,49345.0,19940.0,40.0,0,0.0,0.0,0,0.0,0.0,0.0,0,0.0,0.0,0.0,69325.0,0.0,57.0,57.0,0.0,0.0,0.0,0,0.0,0.0,0,0,0.0,0.0,17.0,0.0,0.0,0.0,0.0,2.0,0.0,19.0,0.0,0.0,0.0,0.0,0.0,0.0,0.0,0.0,0.0,0.0,3.0,0.0,0.0,0.0,0.0,60.0,69344.0,0,0.0,69307.0,17.0,2.0,0.0,0.0,0.0,0.0,87242.0,60.0,156628.0,18.0,,1.11,,,2.77192e+18,3.11056e+18
20043,2012,94560VRGRN6880S,1.1001e+11,SAFETY-KLEEN INC,6880 SMITH AVE,NEWARK,ALAMEDA,CA,94560,,,37.52174,-122.02116,NO,324,Petroleum,,,,,,,324191,,,,,,1.31221e+12,BENZENE,71432,4754.0,YES,TRI,NO,0,YES,R,Pounds,0.012,0.3,0.0,0,0.0,0.0,0,0.0,0.0,0.0,0,0.0,0.0,0.0,0.312,0.0,1.6,1.6,0.0,0.0,0.0,0,0.0,0.0,0,0,0.0,0.0,0.0,0.0,0.0,2.9,0.0,0.0,0.0,2.9,0.0,0.0,0.0,0.0,0.0,0.0,0.0,0.0,0.0,0.0,0.0,0.0,0.0,0.0,0.0,1.6,3.212,0,0.0,0.312,0.0,2.9,0.0,0.0,0.0,0.0,1.6,1.6,6.412,0.0,,1.01,CLEAN HARBORS INC,157793639,5.54283e+18,6.75378e+18
20705,2012,87301GNTRFROUTE,1.10011e+11,WESTERN REFINING SOUTHWEST INC-GALLUP REFINERY,I-40 EXIT 39,JAMESTOWN,MCKINLEY,NM,87347,,,35.490278,-108.425,NO,324,Petroleum,,,,,,,324110,,,,,,1.31221e+12,BENZENE,71432,4754.0,YES,TRI,NO,0,YES,R,Pounds,3651.0,7725.0,0.0,0,0.0,0.0,0,0.0,0.0,0.0,0,0.0,0.0,353.0,11729.0,0.0,0.0,0.0,0.0,0.0,0.0,0,0.0,0.0,0,0,0.0,0.0,4750.0,467.0,0.0,0.0,0.0,0.0,0.0,5217.0,0.0,0.0,867.0,0.0,0.0,867.0,0.0,0.0,0.0,0.0,0.0,0.0,0.0,0.0,0.0,0.0,16946.0,0,0.0,11729.0,5217.0,0.0,0.0,0.0,0.0,867.0,0.0,0.0,17813.0,,,0.91,WESTERN REFINING INC,606287308,1.02219e+19,1.73748e+19
20754,2012,07036XXNXX1400P,1.10041e+11,PHILLIPS 66 CO-BAYWAY REFINERY,1400 PARK AVE,LINDEN,UNION,NJ,7036,,,40.6365,-74.2199,NO,324,Petroleum,,,,,,,324110,,,,,,1.31221e+12,BENZENE,71432,4754.0,YES,TRI,NO,0,YES,R,Pounds,2700.0,1600.0,350.0,0,0.0,0.0,0,0.0,0.0,0.0,0,0.0,0.0,0.0,4650.0,0.0,0.0,0.0,0.0,0.0,0.0,0,0.0,0.0,0,0,0.0,0.0,53.0,0.0,0.0,0.0,0.0,0.0,0.0,53.0,0.0,0.0,0.0,0.0,0.0,0.0,0.0,0.0,0.0,2.0,8.0,0.0,0.0,1.0,0.0,11.0,4703.0,0,0.0,4650.0,53.0,0.0,0.0,0.0,0.0,0.0,5800.0,11.0,10514.0,,,0.95,PHILLIPS 66 CO,78378508,8.50306e+18,1.82238e+19
21688,2012,60434MBLJLINTER,1.10001e+11,EXXONMOBIL OIL CORP JOL IET REFINERY,INTERSTATE 55 & ARSENAL RD EAST,CHANNAHON,WILL,IL,60410,,,41.413831,-88.18346,NO,324,Petroleum,,,,,,,324110,,,,,,1.31221e+12,BENZENE,71432,4754.0,YES,TRI,NO,0,YES,R,Pounds,3054.0,3422.0,20.0,0,0.0,0.0,0,0.0,0.0,0.0,0,0.0,0.0,0.0,6496.0,0.0,0.0,0.0,0.0,0.0,0.0,0,0.0,0.0,0,0,0.0,0.0,6.0,632.0,0.0,0.0,0.0,0.0,0.0,638.0,0.0,0.0,0.0,0.0,0.0,0.0,0.0,0.0,0.0,0.0,24.0,0.0,0.0,0.0,0.0,24.0,7134.0,0,0.0,6482.0,638.0,0.0,0.0,0.0,0.0,0.0,68482.0,24.0,75626.0,14.0,,1.0,EXXON MOBIL CORP,1213214,1.46196e+19,8.01188e+18
22301,2012,26050RGNWSSTATE,1.10028e+11,ERGON WEST VIRGINIA INC,9995 OHIO RIVER BLVD,NEWELL,HANCOCK,WV,26050,,,40.6111,-80.630833,NO,324,Petroleum,,,,,,,324110,,,,,,1.31221e+12,BENZENE,71432,4754.0,YES,TRI,NO,0,YES,R,Pounds,13.0,889.0,0.3,0,0.0,0.0,0,0.0,0.0,0.0,0,0.0,0.0,0.0,902.3,0.0,0.0,0.0,0.0,0.0,0.0,0,0.0,0.0,0,0,0.0,0.0,0.0,0.0,0.0,0.0,21.05,0.0,0.0,21.05,0.0,0.0,0.0,0.0,0.0,0.0,0.0,0.0,0.0,0.0,0.0,269.9,0.0,0.0,0.0,269.9,923.35,0,0.0,902.3,0.0,21.05,0.0,0.0,0.0,0.0,4635.0,269.9,5828.25,,,1.02,ERGON INC,87023743,1.33364e+19,1.75223e+19
22354,2012,70767XXNPR2230H,1.10064e+11,EXXONMOBIL ANCHORAGE TANK FARM,1420 LAFITON LN,PORT ALLEN,WEST BATON ROUGE PARISH,LA,70767,,,30.474978,-91.219663,NO,324,Petroleum,,,,,,,324191,,,,,,1.31221e+12,BENZENE,71432,4754.0,YES,TRI,NO,0,YES,R,Pounds,15.0,2.0,0.0,0,0.0,0.0,0,0.0,0.0,0.0,0,0.0,0.0,0.0,17.0,0.0,0.0,0.0,0.0,0.0,0.0,0,0.0,0.0,0,0,0.0,0.0,0.0,0.0,0.0,0.0,0.0,0.0,0.0,0.0,0.0,0.0,0.0,0.0,0.0,0.0,0.0,0.0,0.0,0.0,0.0,0.0,0.0,0.0,0.0,0.0,17.0,0,0.0,17.0,0.0,0.0,0.0,0.0,0.0,0.0,0.0,0.0,17.0,,,0.89,EXXON MOBIL CORP,623351921,6.6001e+18,8.57065e+18
22627,2012,74603CNCPN1000S,1.10016e+11,PHILLIPS 66 PONCA CITY SITE,1000 S PINE ST,PONCA CITY,KAY,OK,746017501,,,36.68807,-97.08786,NO,324,Petroleum,,,,,,,324110,,,,,,1.31221e+12,BENZENE,71432,4754.0,YES,TRI,NO,0,YES,R,Pounds,34000.0,13000.0,0.0,0,0.0,0.0,0,0.0,0.0,0.0,0,0.0,0.0,0.0,47000.0,0.0,0.0,0.0,0.0,0.0,0.0,0,0.0,0.0,0,0,0.0,0.0,0.0,0.0,0.0,0.0,0.0,0.0,0.0,0.0,570.0,0.0,3.0,0.0,0.0,573.0,12.0,0.0,12.0,0.0,0.0,0.0,0.0,0.0,0.0,0.0,47000.0,0,0.0,47000.0,0.0,0.0,0.0,12.0,0.0,573.0,48000.0,0.0,95585.0,,,1.1,PHILLIPS 66 CO,65504920,4.97104e+18,1.28709e+18
22787,2012,70087HLLPT27009,1.1e+11,EQUILON ENTERPRISES LLC DBA SHELL OIL PRODUCTS US,11842 RIVER RD,SAINT ROSE,ST CHARLES PARISH,LA,70087,,,29.952222,-90.328556,NO,324,Petroleum,,,,,,,324110,,,,,,1.31221e+12,BENZENE,71432,4754.0,YES,TRI,NO,0,YES,R,Pounds,28.0,482.0,0.0,0,0.0,0.0,0,0.0,0.0,0.0,0,0.0,0.0,0.0,510.0,0.0,0.0,0.0,0.0,0.0,0.0,0,0.0,0.0,0,0,0.0,0.0,0.0,0.0,0.0,0.0,0.0,0.0,0.0,0.0,0.0,0.0,0.0,0.0,7.0,7.0,0.0,0.0,0.0,0.0,0.0,0.0,0.0,0.0,0.0,0.0,510.0,0,0.0,510.0,0.0,0.0,0.0,0.0,0.0,7.0,1065.0,0.0,1582.0,,,1.0,SHELL OIL PRODUCTS US,8090938,6.6001e+18,1.5488e+19
24389,2012,31408MCLCMFOUND,1.10001e+11,EPIC MIDSTREAM LLC,7 FOUNDATION DR,SAVANNAH,CHATHAM,GA,31408,,,32.10967,-81.128,NO,324,Petroleum,,,,,,,324110,,,,,,1.31221e+12,BENZENE,71432,4754.0,YES,TRI,NO,0,YES,A,Pounds,0.0,0.0,0.0,0,0.0,0.0,0,0.0,0.0,0.0,0,0.0,0.0,0.0,0.0,0.0,0.0,0.0,0.0,0.0,0.0,0,0.0,0.0,0,0,0.0,0.0,0.0,0.0,0.0,0.0,0.0,0.0,0.0,0.0,0.0,0.0,0.0,0.0,0.0,0.0,0.0,0.0,0.0,0.0,0.0,0.0,0.0,0.0,0.0,0.0,0.0,0,0.0,0.0,0.0,0.0,0.0,0.0,0.0,0.0,0.0,0.0,0.0,0.0,,0.0,EPIC MIDSTREAM LLC,78396522,8.31069e+18,1.79254e+19
24647,2012,77640TXCRFNORTH,1.1e+11,MOTIVA-PORT ARTHUR REFINERY,2555 SAVANNAH AVE,PORT ARTHUR,JEFFERSON,TX,77640,,,29.883333,-93.958333,NO,324,Petroleum,,,,,,,324110,,,,,,1.31221e+12,BENZENE,71432,4754.0,YES,TRI,NO,0,YES,R,Pounds,1344.0,1265.0,2.0,0,0.0,0.0,0,0.0,0.0,0.0,0,0.0,0.0,4.0,2615.0,0.0,0.0,0.0,0.0,0.0,0.0,0,0.0,0.0,0,0,0.0,0.0,0.0,0.0,0.0,0.0,0.0,0.0,3198.0,3198.0,0.0,0.0,0.0,0.0,0.0,0.0,213.0,0.0,213.0,0.0,2.0,211.0,0.0,1665.0,0.0,1878.0,5813.0,0,0.0,2615.0,0.0,3198.0,0.0,213.0,118.0,0.0,54386.0,1878.0,62408.0,,,1.11,MOTIVA ENTERPRISES LLC,,1.69256e+19,1.35636e+19
24686,2012,70606CLCSRWESTE,1.1e+11,CALCASIEU REFINING CO,4359 W TANK FARM RD,LAKE CHARLES,CALCASIEU PARISH,LA,70605,,,30.1338,-93.3206,NO,324,Petroleum,,,,,,,324110,,,,,,1.31221e+12,BENZENE,71432,4754.0,YES,TRI,NO,0,YES,R,Pounds,8.0,8683.0,2.0,0,0.0,0.0,0,0.0,0.0,0.0,0,0.0,0.0,0.0,8693.0,0.0,0.0,0.0,0.0,0.0,0.0,0,0.0,0.0,0,0,0.0,0.0,0.0,0.0,0.0,0.0,0.0,0.0,0.0,0.0,0.0,0.0,0.0,0.0,0.0,0.0,0.0,0.0,0.0,0.0,0.0,0.0,0.0,0.0,0.0,0.0,8693.0,0,0.0,8692.91,0.0,0.0,0.0,0.0,0.0,0.0,423213.0,0.0,431905.91,0.09,,1.19,TRANSWORLD OIL USA INC,,6.6001e+18,1.11978e+19
24761,2012,93308TXCRF6451R,1.10018e+11,ALON PETROLEUM BAKERSFIELD REFINERY AREAS 1 & 2,6451 ROSEDALE HWY,BAKERSFIELD,KERN,CA,93308,,,35.3825,-119.070556,NO,324,Petroleum,,,,,,,324110,,,,,,1.31221e+12,BENZENE,71432,4754.0,YES,TRI,NO,0,YES,R,Pounds,150.0,400.0,0.0,0,0.0,6.0,0,0.0,0.0,0.0,0,0.0,0.0,0.0,556.0,0.0,0.0,0.0,0.0,0.0,0.0,0,0.0,36.0,0,0,0.0,0.0,0.0,0.0,0.0,0.0,0.0,0.0,0.0,36.0,1610.0,0.0,0.0,0.0,0.0,1610.0,0.0,0.0,0.0,0.0,383.0,0.0,0.0,0.0,0.0,383.0,592.0,0,0.0,560.0,0.0,36.0,0.0,0.0,0.0,1600.0,22000.0,380.0,24576.0,,,1.87,ALON USA ENERGY INC,876661062,5.54283e+18,3.91956e+18
24975,2012,80022CNCDN5801B,1.10033e+11,SUNCOR ENERGY COMMERCE CITY REFINERY,5801 BRIGHTON BLVD,COMMERCE CITY,ADAMS,CO,80022,,,39.805556,-104.944444,NO,324,Petroleum,,,,,,,324110,424710.0,,,,,1.31221e+12,BENZENE,71432,4754.0,YES,TRI,NO,0,YES,R,Pounds,4397.0,2803.0,2.0,0,0.0,0.0,0,0.0,0.0,0.0,0,0.0,0.0,0.0,7202.0,0.0,0.0,0.0,0.0,0.0,0.0,0,0.0,0.0,0,0,0.0,0.0,2.6,0.0,0.0,0.0,0.0,0.0,0.0,2.6,0.0,0.0,0.0,0.0,0.0,0.0,0.0,0.0,0.0,0.0,555.8,0.0,0.0,0.0,0.0,555.8,7204.6,0,0.0,4482.0,2.6,0.0,0.0,0.0,0.0,0.0,8498.0,555.8,13538.4,2720.0,,1.06,SUNCOR ENERGY (USA) INC,241804681,6.83086e+18,4.19372e+18
25691,2012,77590MRTHNFOOTO,1.10057e+11,MARATHON PETROLEUM CO LP (PART),502 10TH ST S,TEXAS CITY,GALVESTON,TX,77590,,,29.379257,-94.90928,NO,324,Petroleum,,,,,,,324110,,,,,,1.31221e+12,BENZENE,71432,4754.0,YES,TRI,NO,0,YES,R,Pounds,1639.0,17297.0,3.0,0,0.0,0.0,0,0.0,0.0,0.0,0,0.0,0.0,0.0,18939.0,0.0,0.0,0.0,0.0,0.0,0.0,0,0.0,0.0,0,0,0.0,0.0,7.0,0.0,0.0,0.0,0.0,0.0,0.0,7.0,0.0,0.0,0.0,0.0,0.0,0.0,7688.0,0.0,7688.0,0.0,52.0,0.0,0.0,0.0,0.0,52.0,18946.0,0,0.0,18860.0,7.0,0.0,0.0,7688.0,853.0,0.0,166408.0,52.0,193868.0,79.0,,1.0,MARATHON PETROLEUM CORP,968393996,1.69256e+19,1.09281e+19
27586,2012,75702LGLRL1702E,1.1e+11,DELEK TYLER REFINERY,1702 E COMMERCE ST,TYLER,SMITH,TX,75702,,,32.362643,-95.280179,NO,324,Petroleum,,,,,,,324110,,,,,,1.31221e+12,BENZENE,71432,4754.0,YES,TRI,NO,0,YES,R,Pounds,2332.0,9302.0,1.87,0,0.0,0.0,0,0.0,0.0,0.0,0,0.0,0.0,211.0,11846.87,0.0,41.6,41.6,0.0,0.0,0.0,0,0.0,0.0,0,0,0.0,0.0,0.0,0.0,0.0,0.0,0.0,0.0,0.0,0.0,0.0,0.0,0.0,0.0,0.0,0.0,0.0,0.0,0.0,0.0,124.0,0.0,0.0,0.0,0.0,165.6,11846.87,0,0.0,9091.87,0.0,0.0,0.0,0.0,50107.0,0.0,19904.0,165.6,79268.47,2755.0,,0.99,DELEK US HOLDINGS INC,624438219,1.69256e+19,1.5279e+19
27742,2012,93307KRNLRRR677,1.1e+11,KERN OIL & REFINING CO,7724 EAST PANAMA LANE,BAKERSFIELD,KERN,CA,93307,,,35.295278,-118.921111,NO,324,Petroleum,,,,,,,324110,,,,,,1.31221e+12,BENZENE,71432,4754.0,YES,TRI,NO,0,YES,R,Pounds,877.0,28.0,0.0,0,0.0,0.0,0,0.0,0.0,0.0,0,0.0,0.0,40.0,945.0,0.0,3.83,3.83,0.0,0.0,0.0,0,0.0,0.0,0,0,0.0,0.0,13.0,0.0,0.0,0.0,0.0,0.0,0.0,13.0,0.0,0.0,0.0,0.0,0.0,0.0,0.0,0.0,0.0,0.0,0.0,0.0,0.0,0.0,1.0,4.83,958.0,0,0.0,945.0,13.0,0.0,0.0,0.0,0.0,0.0,15.0,4.83,977.83,,,0.99,CASEY CO,27877679,5.54283e+18,3.91956e+18
28594,2012,77640CLRKR1801S,1.1e+11,PREMCOR REFINING GROUP INC PORT ARTHUR,1801 S GULFWAY DR,PORT ARTHUR,JEFFERSON,TX,77640,,,29.868333,-93.968333,NO,324,Petroleum,,,,,,,324110,,,,,,1.31221e+12,BENZENE,71432,4754.0,YES,TRI,NO,0,YES,R,Pounds,2907.0,12106.0,0.0,0,0.0,0.0,0,0.0,0.0,0.0,0,0.0,0.0,0.0,15013.0,0.0,0.0,0.0,0.0,0.0,0.0,0,0.0,0.0,0,0,0.0,0.0,10.29,0.0,0.0,0.0,0.0,0.0,0.0,10.29,0.0,0.0,53.68,0.0,0.0,53.68,0.0,0.0,0.0,0.0,0.0,1.71,0.0,0.0,0.0,1.71,15023.29,0,0.0,15013.0,10.29,0.0,0.0,0.0,0.0,53.68,1824812.0,1.71,1839890.68,,,1.12,VALERO ENERGY CORP,43652424,1.69256e+19,1.35636e+19
28704,2012,00851HSSLVLIMET,1.1e+11,LIMETREE BAY TERMINALS LLC,1 ESTATE HOPE,CHRISTIANSTED,ST CROIX,VI,820,,,17.7102,-64.7544,NO,324,Petroleum,,,,,,,324110,,,,,,1.31221e+12,BENZENE,71432,4754.0,YES,TRI,NO,0,YES,R,Pounds,2174.0,9960.0,0.0,0,0.0,0.0,0,0.0,0.0,0.0,0,0.0,0.0,0.0,12134.0,0.0,0.0,0.0,0.0,0.0,0.0,0,0.0,0.0,0,0,0.0,0.0,30.1,0.0,0.0,0.0,0.0,0.0,0.0,30.1,0.0,0.0,154502.2,0.0,0.0,154502.2,0.0,0.0,0.0,0.0,169.7,0.0,0.0,0.0,0.0,169.7,12164.1,0,0.0,12134.0,30.1,0.0,0.0,0.0,39230.0,154502.2,310.0,169.7,206376.0,,,1.0,,,1.12105e+19,6.7307e+18
29155,2012,99705PTRST1200H,1.10055e+11,PETRO STAR INC NORTH POLE REFINERY,1200 H & H LN,NORTH POLE,FAIRBANKS NORTH STAR BORO,AK,99705,,,64.73465,-147.347118,NO,324,Petroleum,,,,,,,324110,,,,,,1.31221e+12,BENZENE,71432,4754.0,YES,TRI,NO,0,YES,A,Pounds,0.0,0.0,0.0,0,0.0,0.0,0,0.0,0.0,0.0,0,0.0,0.0,0.0,0.0,0.0,0.0,0.0,0.0,0.0,0.0,0,0.0,0.0,0,0,0.0,0.0,0.0,0.0,0.0,0.0,0.0,0.0,0.0,0.0,0.0,0.0,0.0,0.0,0.0,0.0,0.0,0.0,0.0,0.0,0.0,0.0,0.0,0.0,0.0,0.0,0.0,0,0.0,0.0,0.0,0.0,0.0,0.0,0.0,0.0,0.0,0.0,0.0,0.0,,0.0,ARCTIC SLOPE REGIONAL CORP,78316575,1.5022e+17,1.56413e+19
30483,2012,77580NTRPR10207,1.10057e+11,ENTERPRISE PRODUCTS OPERATING LLC,10207 FM 1942,MONT BELVIEU,CHAMBERS,TX,77580,,,29.8247,-94.9197,NO,324,Petroleum,,,,,,,324110,325199.0,,,,,1.31221e+12,BENZENE,71432,4754.0,YES,TRI,NO,0,YES,R,Pounds,37.2,0.0,3.49,0,0.0,0.0,0,0.0,0.0,0.0,0,0.0,0.0,0.0,40.69,0.0,0.0,0.0,0.0,0.0,0.0,0,0.0,0.0,0,0,0.0,0.0,0.0,0.0,0.0,0.0,0.0,0.0,0.0,0.0,0.0,0.0,0.0,0.0,0.0,0.0,0.0,0.0,0.0,0.0,0.0,0.0,0.0,0.0,0.0,0.0,40.69,0,0.0,40.69,0.0,0.0,0.0,0.0,0.0,0.0,0.0,0.0,40.69,,,1.04,ENTERPRISE PRODUCTS OPERATING LLC,48210686,1.69256e+19,6.80584e+18
30904,2012,47805VPRCN41EST,1.10023e+11,VP RACING FUELS INC,4100 E STEELTON AVE,TERRE HAUTE,VIGO,IN,47805,,,39.51366,-87.35645,NO,324,Petroleum,,,,,,,324199,,,,,,1.31221e+12,BENZENE,71432,4754.0,YES,TRI,NO,0,YES,A,Pounds,0.0,0.0,0.0,0,0.0,0.0,0,0.0,0.0,0.0,0,0.0,0.0,0.0,0.0,0.0,0.0,0.0,0.0,0.0,0.0,0,0.0,0.0,0,0,0.0,0.0,0.0,0.0,0.0,0.0,0.0,0.0,0.0,0.0,0.0,0.0,0.0,0.0,0.0,0.0,0.0,0.0,0.0,0.0,0.0,0.0,0.0,0.0,0.0,0.0,0.0,0,0.0,0.0,0.0,0.0,0.0,0.0,0.0,0.0,0.0,0.0,0.0,0.0,,0.0,VP RACING FUELS INC,615416104,7.60137e+18,1.78143e+19
31124,2012,62454MRTHNMARAT,1.1e+11,MARATHON PETROLEUM CO LP ILLINOIS REFINING DIV,100 MARATHON AVE,ROBINSON,CRAWFORD,IL,62454,,,38.998676,-87.724781,NO,324,Petroleum,,,,,,,324110,424710.0,,,,,1.31221e+12,BENZENE,71432,4754.0,YES,TRI,NO,0,YES,R,Pounds,18202.0,13822.0,15.0,0,0.0,0.0,0,0.0,0.0,16.0,0,0.0,0.0,5.0,32060.0,0.0,0.0,0.0,0.0,0.0,0.0,0,0.0,0.0,0,0,0.0,0.0,184.6,0.0,0.0,0.0,0.1,0.0,0.0,184.7,0.0,0.0,31.2,0.0,0.0,31.2,0.0,0.0,0.0,0.0,565.5,0.0,0.0,0.0,0.0,565.5,32244.7,0,0.0,32055.0,185.0,0.1,0.0,0.0,5752.0,31.2,50539.0,566.0,89128.3,5.0,,0.88,MARATHON PETROLEUM CORP,968393996,1.46196e+19,1.66265e+19
31558,2012,39567CHVRNPOBOX,1.1e+11,CHEVRON PRODUCTS CO PASCAGOULA REFINERY,250 IND US TRIAL RD,PASCAGOULA,JACKSON,MS,39581,,,30.343733,-88.4938,NO,324,Petroleum,,,,,,,324110,325110.0,,,,,1.31221e+12,BENZENE,71432,4754.0,YES,TRI,NO,0,YES,R,Pounds,24000.0,17000.0,6.0,0,0.0,0.0,0,0.0,0.0,0.0,0,0.0,0.0,0.0,41006.0,0.0,0.0,0.0,0.0,0.0,0.0,0,0.0,0.0,0,0,0.0,0.0,15.0,0.0,0.0,0.0,0.0,0.0,0.0,15.0,0.0,0.0,0.0,0.0,0.0,0.0,0.0,0.0,0.0,0.0,821.0,0.0,0.0,0.0,0.0,821.0,41021.0,0,0.0,33306.0,15.0,0.0,0.0,0.0,0.0,0.0,32000.0,821.0,66142.0,7700.0,,1.4,CHEVRON CORP,1382555,7.8794e+18,1.64669e+19
32494,2012,70723TXCRFFOOTO,1.10001e+11,CONVENT REFINERY,FOOT OF SUNSHINE BRIDGE- LA HW Y 44,CONVENT,ST JAMES PARISH,LA,70723,,,30.10846,-90.89677,NO,324,Petroleum,,,,,,,324110,,,,,,1.31221e+12,BENZENE,71432,4754.0,YES,TRI,NO,0,YES,R,Pounds,882.0,5327.0,0.0,0,0.0,0.0,0,0.0,0.0,0.0,0,0.0,0.0,0.0,6209.0,0.0,0.0,0.0,0.0,0.0,0.0,0,0.0,0.0,0,0,0.0,0.0,1.4,0.0,0.0,3.95,0.0,0.0,0.0,5.35,0.0,0.0,478.06,0.0,0.0,478.06,0.0,0.0,0.0,0.0,0.0,0.0,0.0,0.0,0.0,0.0,6214.35,0,0.0,6209.0,1.4,3.95,0.0,0.0,0.0,478.06,14203.0,0.0,20895.41,,,1.11,MOTIVA ENTERPRISES LLC,23838670,6.6001e+18,8.0888e+18
32822,2012,90280LNDYT9301S,1.10001e+11,LUNDAY-THAGARD CO DBA WORLD OIL REFINING,9301 GARFIELD AVE,SOUTH GATE,LOS ANGELES,CA,90280,,,33.946295,-118.16704,NO,324,Petroleum,,,,,,,324110,,,,,,1.31221e+12,BENZENE,71432,4754.0,YES,TRI,NO,0,YES,R,Pounds,14.0,14.0,0.0,0,0.0,0.0,0,0.0,0.0,0.0,0,0.0,0.0,0.0,28.0,0.0,121.0,121.0,0.0,0.0,0.0,0,0.0,0.0,0,0,0.0,0.0,24.0,0.0,0.0,0.0,0.0,0.0,0.0,24.0,0.0,0.0,32.0,0.0,0.0,32.0,0.0,0.0,0.0,0.0,0.0,0.0,0.0,0.0,0.0,121.0,52.0,0,0.0,28.0,24.0,121.0,0.0,0.0,0.0,32.0,617.0,0.0,822.0,0.0,,0.54,WORLD OIL CORP,72937436,5.54283e+18,1.49706e+19
32826,2012,77522XXNBY2800D,1.10001e+11,EXXONMOBIL REFINING & SUPPLY BAYTOWN REFINERY (PART),2800 DECKER DR,BAYTOWN,HARRIS,TX,77520,,,29.739444,-95.006944,NO,324,Petroleum,,,,,,,324110,,,,,,1.31221e+12,BENZENE,71432,4754.0,YES,TRI,NO,0,YES,R,Pounds,4000.0,28000.0,20.0,0,0.0,0.0,0,0.0,0.0,1.0,0,0.0,8.0,0.0,32029.0,0.0,0.0,0.0,0.0,0.0,0.0,0,0.0,0.0,0,0,0.0,0.0,26.0,2.0,0.0,0.0,0.0,0.0,0.0,28.0,160.0,0.0,0.0,0.0,33.0,193.0,0.0,33.0,33.0,0.0,743.0,0.0,0.0,0.0,0.0,743.0,32057.0,0,0.0,32029.0,28.0,0.0,0.0,33.0,0.0,193.0,750000.0,743.0,783026.0,,,1.03,EXXON MOBIL CORP,1213214,1.69256e+19,1.47919e+19
32887,2012,94510XXNCS3400E,1.10033e+11,VALERO REFINING CO-CALI FORNIA BENICIA REFINERY,3400 E SECOND ST,BENICIA,SOLANO,CA,94510,,,38.074864,-122.143574,NO,324,Petroleum,,,,,,,324110,,,,,,1.31221e+12,BENZENE,71432,4754.0,YES,TRI,NO,0,YES,R,Pounds,4056.0,4249.0,0.0,0,0.0,0.0,0,0.0,0.0,0.0,0,0.0,0.0,0.0,8305.0,0.0,0.0,0.0,0.0,0.0,0.0,0,0.0,0.0,0,0,0.0,0.0,5.515,2.874,0.0,0.0,0.0,0.0,0.0,8.389,0.0,0.0,50.315,0.0,0.0,50.315,0.0,0.0,0.0,0.0,0.0,1.91,0.0,0.0,0.0,1.91,8313.389,0,0.0,8305.0,8.389,0.0,0.0,0.0,0.0,50.315,44000.0,1.91,52365.614,,,1.21,VALERO ENERGY CORP,82686916,5.54283e+18,8.24909e+18
33061,2012,78408CHMPL1801N,1.10001e+11,CITGO REFINING & CHEMICALS CO LP EAST PLANT,1801 NUECES BAY BLVD,CORPUS CHRISTI,NUECES,TX,78407,,,27.810556,-97.426944,NO,324,Petroleum,,,,,,,324110,,,,,,1.31221e+12,BENZENE,71432,4754.0,YES,TRI,NO,0,YES,R,Pounds,4887.0,7267.0,0.0,0,0.0,0.0,0,0.0,0.0,0.0,0,0.0,0.0,0.0,12154.0,0.0,0.0,0.0,0.0,0.0,0.0,0,6630.22,0.0,0,0,0.0,0.0,0.0,0.0,0.0,0.0,0.0,0.0,0.0,6630.22,0.0,0.0,63.68,0.0,0.0,63.68,0.0,0.0,0.0,0.0,337.59,0.0,0.0,0.0,0.0,337.59,18784.22,0,0.0,12154.0,6630.22,0.0,0.0,0.0,0.0,63.68,0.0,337.59,19185.49,,,1.0,PDV AMERICA INC,102417268,1.69256e+19,2.19884e+18
33319,2012,77012HLLPT9701M,1.1e+11,VALERO REFINING - TEXAS LP HOUSTON REFINERY,9701 MANCHESTER,HOUSTON,HARRIS,TX,77012,,,29.722274,-95.254401,NO,324,Petroleum,,,,,,,324110,,,,,,1.31221e+12,BENZENE,71432,4754.0,YES,TRI,NO,0,YES,R,Pounds,1383.0,4149.0,0.0,0,0.0,0.0,0,0.0,0.0,0.0,0,0.0,0.0,0.0,5532.0,0.0,0.0,0.0,0.0,0.0,0.0,0,20.0,0.0,0,0,0.0,0.0,0.0,0.0,0.0,0.0,0.0,0.0,0.0,20.0,0.0,0.0,0.0,0.0,0.0,0.0,0.0,0.0,0.0,0.0,9.0,0.0,0.0,0.0,0.0,9.0,5552.0,0,0.0,5532.0,20.0,0.0,24195.0,0.0,0.0,0.0,27656.0,9.0,57412.0,,,1.1,VALERO ENERGY CORP,79391280,1.69256e+19,1.53898e+19
33360,2012,38701SCTTB942NB,1.10037e+11,SCOTT BIODIESEL/GREENVILLE TERMINAL,942 N BROADWAY,GREENVILLE,WASHINGTON,MS,38701,,,33.39955,-91.067216,NO,324,Petroleum,,,,,,,324110,,,,,,1.31221e+12,BENZENE,71432,4754.0,YES,TRI,NO,0,YES,R,Pounds,1.0,994.0,0.0,0,0.0,0.0,0,0.0,0.0,0.0,0,0.0,0.0,0.0,995.0,0.0,0.0,0.0,0.0,0.0,0.0,0,0.0,0.0,0,0,0.0,0.0,0.0,0.0,0.0,0.0,0.0,0.0,0.0,0.0,0.0,0.0,0.0,0.0,0.0,0.0,0.0,0.0,0.0,0.0,0.0,0.0,0.0,0.0,0.0,0.0,995.0,0,0.0,995.0,0.0,0.0,0.0,0.0,0.0,0.0,0.0,0.0,995.0,,,0.9,SCOTT PETROLEUM CORP,33336025,7.8794e+18,1.54851e+19
33470,2012,16701KNDLL77NKE,1.1e+11,AMERICAN REFINING GROUP INC,77 N KENDALL AVE,BRADFORD,MCKEAN,PA,16701,,,41.965472,-78.633108,NO,324,Petroleum,,,,,,,324110,,,,,,1.31221e+12,BENZENE,71432,4754.0,YES,TRI,NO,0,YES,R,Pounds,13.36,1132.45,1.1,0,0.0,0.0,0,0.0,0.0,0.0,0,0.0,0.0,0.0,1146.91,0.0,0.0,0.0,0.0,0.0,0.0,0,0.0,0.0,0,0,0.0,0.0,0.0,0.0,0.0,0.0,0.0,0.0,0.0,0.0,0.0,0.0,0.0,0.0,0.0,0.0,0.0,9.52,9.52,0.0,0.0,0.0,0.0,0.0,0.0,0.0,1146.91,0,0.0,1146.91,0.0,0.0,0.0,9.52,0.0,0.0,20.94,0.0,1177.37,,,1.07,,,2.77192e+18,8.46761e+17
34100,2012,67337FRMLNNORTH,1.10014e+11,COFFEYVILLE RESOURCES REFINING & MARKETING,400 N LINDEN,COFFEYVILLE,MONTGOMERY,KS,67337,,,37.047556,-95.606106,NO,324,Petroleum,,,,,,,324110,,,,,,1.31221e+12,BENZENE,71432,4754.0,YES,TRI,NO,0,YES,R,Pounds,6788.0,3827.0,32.0,0,0.0,0.0,0,0.0,0.0,0.0,0,0.0,0.0,0.0,10647.0,0.0,0.0,0.0,0.0,0.0,0.0,0,0.0,0.0,0,0,0.0,0.0,4.0,0.0,0.0,0.0,0.0,0.0,0.0,4.0,0.0,0.0,0.0,0.0,0.0,0.0,399.0,0.0,399.0,0.0,0.0,0.0,0.0,0.0,0.0,0.0,10651.0,0,0.0,10639.0,4.0,0.0,0.0,399.0,0.0,0.0,1643.0,0.0,12685.0,8.0,,1.14,CVR ENERGY INC,142405666,8.03693e+18,6.04589e+18
34939,2012,35207SLSSN35003,1.1e+11,ERP COMPLIANT COKE LLC,3500 35TH AVE N,BIRMINGHAM,JEFFERSON,AL,35207,,,33.557464,-86.799671,NO,324,Petroleum,,,,,,,324199,,,,,,1.31221e+12,BENZENE,71432,4754.0,YES,TRI,NO,0,YES,R,Pounds,1495.0,3484.0,0.0,0,0.0,0.0,0,0.0,0.0,0.0,0,0.0,0.0,0.0,4979.0,0.0,0.0,0.0,0.0,0.0,0.0,0,0.0,0.0,0,0,0.0,0.0,0.0,0.0,0.0,0.0,0.0,0.0,0.0,0.0,0.0,0.0,0.0,0.0,0.0,0.0,0.0,0.0,0.0,0.0,0.0,0.0,0.0,0.0,0.0,0.0,4979.0,0,0.0,4979.0,0.0,0.0,0.0,0.0,0.0,0.0,1466254.0,0.0,1471233.0,,,1.0,ERP COMPLIANT COKE L.L.C.,,1.27074e+19,3.28355e+18
35024,2012,38109MPCPT543WE,1.1e+11,VALERO REFINING CO - TENNESSEE LLC,2385 RIVERPORT ROAD,MEMPHIS,SHELBY,TN,38109,,,35.085843,-90.083385,NO,324,Petroleum,,,,,,,324110,,,,,,1.31221e+12,BENZENE,71432,4754.0,YES,TRI,NO,0,YES,R,Pounds,955.0,1421.0,0.0,0,0.0,0.0,0,0.0,0.0,0.0,0,0.0,0.0,0.0,2376.0,0.0,816.0,816.0,0.0,0.0,0.0,0,0.0,0.0,0,0,0.0,0.0,0.0,0.0,0.0,0.0,0.0,0.0,0.0,0.0,0.0,0.0,13.0,0.0,0.0,13.0,361.0,0.0,361.0,0.0,10.0,1.0,0.0,0.0,0.0,827.0,2376.0,0,0.0,2376.0,0.0,0.0,0.0,361.0,0.0,13.0,40123.0,827.0,43700.0,,,1.05,VALERO ENERGY CORP,199623414,1.67868e+19,2.93181e+18
35292,2012,77701BMNTREASTE,1.10042e+11,EXXONMOBIL OIL BEAUMONT REFINERY,E END OF BURT ST,BEAUMONT,JEFFERSON,TX,77701,,,30.065833,-94.071388,NO,324,Petroleum,,,,,,,324110,324191.0,,,,,1.31221e+12,BENZENE,71432,4754.0,YES,TRI,NO,0,YES,R,Pounds,3800.0,6900.0,0.0,0,0.0,0.0,0,0.0,0.0,0.0,0,0.0,0.0,0.0,10700.0,0.0,0.0,0.0,0.0,0.0,0.0,0,0.0,0.0,0,0,0.0,0.0,122.0,1.0,0.0,0.0,0.0,0.0,0.0,123.0,0.0,0.0,301.0,0.0,0.0,301.0,140.0,0.0,140.0,0.0,30.0,0.0,0.0,0.0,0.0,30.0,10823.0,0,0.0,10700.0,123.0,0.0,0.0,140.0,0.0,301.0,86000.0,30.0,97294.0,,,0.99,EXXON MOBIL CORP,1213214,1.69256e+19,1.08459e+19
35692,2012,87413BLMFLNO50C,1.10001e+11,WESTERN REFINING BLOOMFIELD TERMINAL,50 COUNTY RD 4990,BLOOMFIELD,SAN JUAN,NM,87413,,,36.698761,-107.975395,NO,324,Petroleum,,,,,,,324110,,,,,,1.31221e+12,BENZENE,71432,4754.0,YES,TRI,NO,0,YES,R,Pounds,40.0,8151.0,0.0,0,16.0,0.0,0,0.0,0.0,0.0,0,0.0,0.0,0.0,8207.0,0.0,0.0,0.0,0.0,0.0,0.0,0,0.0,0.0,0,0,0.0,0.0,0.0,0.0,0.0,0.0,0.0,0.0,0.0,0.0,0.0,0.0,0.0,0.0,0.0,0.0,0.0,0.0,0.0,0.0,8.0,0.0,0.0,0.0,0.0,8.0,8207.0,0,16.0,8191.0,0.0,0.0,0.0,0.0,0.0,0.0,0.0,8.0,8215.0,,,1.06,WESTERN REFINING INC,606287308,1.02219e+19,1.033e+19
35831,2012,90749RCPRD1801E,1.10017e+11,TESORO LOS ANGELES REFINERY-CARSON OPERATIONS,2350 E 223RD ST,CARSON,LOS ANGELES,CA,90810,,,33.81323,-118.24298,NO,324,Petroleum,,,,,,,324110,424710.0,,,,,1.31221e+12,BENZENE,71432,4754.0,YES,TRI,NO,0,YES,R,Pounds,670.0,1300.0,0.0,0,0.0,0.0,0,0.0,0.0,0.0,0,0.0,0.0,0.0,1970.0,0.0,3500.0,3500.0,0.0,0.0,0.0,0,0.0,0.0,0,0,0.0,0.0,20.0,11.0,0.0,0.0,0.0,0.0,25.0,56.0,24.0,0.0,13.0,0.0,0.0,37.0,0.0,0.0,0.0,1.0,8.0,38.0,0.0,0.0,0.0,3547.0,2026.0,0,0.0,2000.0,31.0,25.0,0.0,0.0,0.0,37.0,8000.0,3500.0,13593.0,,,1.02,TESORO CORP,8133480,5.54283e+18,1.36048e+19
35896,2012,00767YBCSNROUTE,1.10001e+11,BUCKEYE CARIBBEAN TERMINALS LLC (FORMER SCYI),RT 901 KM 2.7 CAMINO NUEVO WARD,YABUCOA,YABUCOA,PR,767,,,18.046899,-65.85116,NO,324,Petroleum,,,,,,,324110,,,,,,1.31221e+12,BENZENE,71432,4754.0,YES,TRI,NO,0,YES,R,Pounds,87.97,1009.0,0.0,0,0.0,0.0,0,0.0,0.0,0.0,0,0.0,0.0,1.0,1097.97,0.0,0.0,0.0,0.0,0.0,0.0,0,0.0,0.0,0,0,0.0,0.0,0.0,0.0,0.0,0.0,0.0,0.0,0.0,0.0,0.0,0.0,0.0,0.0,0.0,0.0,0.0,0.0,0.0,0.0,0.0,0.0,0.0,0.0,0.0,0.0,1097.97,0,0.0,1097.97,0.0,0.0,0.0,0.0,0.0,0.0,0.0,0.0,1097.97,,,0.82,BUCKEYE PARTNERS LP,,8.83985e+14,9.94166e+18
37140,2012,82007FRNTR2700E,1.1e+11,HOLLYFRONTIER CHEYENNE REFINING LLC,2700 E. 5TH STREET,CHEYENNE,LARAMIE,WY,82007,,,41.128381,-104.787925,NO,324,Petroleum,,,,,,,324110,,,,,,1.31221e+12,BENZENE,71432,4754.0,YES,TRI,NO,0,YES,R,Pounds,1800.0,2200.0,0.0,0,0.0,0.0,0,0.0,0.0,0.0,0,0.0,0.0,0.0,4000.0,0.0,420.0,420.0,0.0,0.0,0.0,0,0.0,0.0,0,0,0.0,0.0,0.0,325.0,0.0,0.0,0.0,0.0,0.0,325.0,0.0,0.0,0.0,0.0,0.0,0.0,4.0,0.0,4.0,0.0,87.0,1.0,0.0,0.0,0.0,508.0,4325.0,0,0.0,4000.0,330.0,0.0,0.0,4.0,0.0,0.0,7900.0,510.0,12744.0,0.0,,1.09,HOLLYFRONTIER CORP,8965808,5.89999e+18,2.94325e+18
37376,2012,77704NCHSRGULFS,1.1e+11,LNVA-NORTH REGIONAL TREATMENT PLANT,2655 GULF STATES RD,BEAUMONT,JEFFERSON,TX,77701,,,30.064102,-94.060734,NO,324,Petroleum,,,,,,,324110,325110.0,,,,,1.31221e+12,BENZENE,71432,4754.0,YES,TRI,NO,0,YES,R,Pounds,730.0,0.0,40.0,0,0.0,0.0,0,0.0,0.0,0.0,0,0.0,0.0,0.0,770.0,0.0,0.0,0.0,0.0,0.0,0.0,0,0.0,0.0,0,0,0.0,0.0,0.0,0.0,0.0,0.0,0.0,0.0,0.0,0.0,0.0,0.0,0.0,0.0,0.0,0.0,0.0,0.0,0.0,0.0,0.0,0.0,0.0,0.0,0.0,0.0,770.0,0,0.0,770.0,0.0,0.0,0.0,0.0,0.0,0.0,2980.0,0.0,3750.0,,,1.18,EXXON MOBIL CORP,38799474,1.69256e+19,1.08459e+19
38504,2012,88260LRFNNSOUTH,1.10001e+11,HOLLYFRONTIER NAVAJO REFINING LLC - LEA REFINERY,7406 S MAIN 5 MI S OF LOVINGTON ON HW 18,LOVINGTON,LEA,NM,88260,,,32.880278,-103.302778,NO,324,Petroleum,,,,,,,324110,,,,,,1.31221e+12,BENZENE,71432,4754.0,YES,TRI,NO,0,YES,R,Pounds,170.0,410.0,0.0,0,0.0,0.0,0,0.0,0.0,0.0,0,0.0,0.0,0.0,580.0,0.0,8.0,8.0,0.0,0.0,0.0,0,0.0,0.0,0,0,0.0,0.0,170.0,0.0,0.0,0.0,0.0,0.0,0.0,170.0,0.0,0.0,0.0,0.0,0.0,0.0,0.0,0.0,0.0,0.0,0.0,0.0,0.0,0.0,0.0,8.0,750.0,0,0.0,580.0,170.0,0.0,0.0,0.0,0.0,0.0,0.0,8.0,758.0,0.0,,1.05,HOLLYFRONTIER CORP,8965808,1.02219e+19,1.20805e+19
39163,2012,60439NCLCR135TH,1.10001e+11,CITGO PETROLEUM CORP LEMONT REFINERY,135TH ST & NEW AVE,LEMONT,WILL,IL,60439,,,41.6475,-88.05546,NO,324,Petroleum,,,,,,,324110,,,,,,1.31221e+12,BENZENE,71432,4754.0,YES,TRI,NO,0,YES,R,Pounds,1006.0,1999.0,36.0,0,0.0,0.0,0,0.0,0.0,0.0,0,0.0,0.0,0.0,3041.0,0.0,0.0,0.0,0.0,0.0,0.0,0,0.0,0.0,0,0,0.0,0.0,24.0,0.0,0.0,0.0,0.0,0.0,0.0,24.0,0.0,0.0,3.0,0.0,0.0,3.0,0.0,0.0,0.0,0.0,3.0,0.0,0.0,0.0,0.0,3.0,3065.0,0,0.0,3041.0,24.0,0.0,0.0,0.0,0.0,3.0,5162.0,3.0,8233.0,,,1.01,CITGO HOLDING INC,858706773,1.46196e+19,1.64801e+19
39839,2012,90744LTRMR961LA,1.1e+11,ULTRAMAR INC MARINE TERMINAL,961 LA PALOMA ST,WILMINGTON,LOS ANGELES,CA,90744,,,33.75828,-118.26676,NO,324,Petroleum,,,,,,,324110,,,,,,1.31221e+12,BENZENE,71432,4754.0,YES,TRI,NO,0,YES,R,Pounds,121.0,156.0,0.0,0,0.0,0.0,0,0.0,0.0,0.0,0,0.0,0.0,0.0,277.0,0.0,0.0,0.0,0.0,0.0,0.0,0,0.0,0.0,0,0,0.0,0.0,0.007,0.0,0.0,0.0,0.0,0.0,0.0,0.007,0.0,0.0,0.0,0.0,0.0,0.0,0.0,0.0,0.0,0.0,0.0,0.0,0.0,0.0,0.0,0.0,277.007,0,0.0,277.0,0.007,0.0,0.0,0.0,0.0,0.0,0.0,0.0,277.007,,,0.93,VALERO ENERGY CORP,,5.54283e+18,2.74911e+18
40392,2012,74603CNCPN1000S,1.10016e+11,PHILLIPS 66 PONCA CITY SITE,1000 S PINE ST,PONCA CITY,KAY,OK,746017501,,,36.68807,-97.08786,NO,324,Petroleum,,,,,,,324110,,,,,,1.31221e+12,BENZENE,71432,4754.0,YES,TRI,NO,0,YES,R,Pounds,0.0,0.0,0.0,0,0.0,0.0,0,0.0,0.0,0.0,0,0.0,0.0,0.0,0.0,0.0,0.0,0.0,0.0,0.0,0.0,0,0.0,0.0,0,0,0.0,0.0,0.0,0.0,0.0,0.0,0.0,0.0,0.0,0.0,11.0,0.0,0.0,0.0,0.0,11.0,2.0,0.0,2.0,0.0,0.0,0.0,0.0,0.0,0.0,0.0,0.0,0,0.0,0.0,0.0,0.0,0.0,2.0,0.0,11.0,0.0,0.0,13.0,0.0,,1.0,PHILLIPS 66 CO,65504920,4.97104e+18,1.28709e+18
40665,2012,88210NVJRF501EA,1.1e+11,HOLLYFRONTIER NAVAJO REFINING LLC - ARTESIA REFINERY,501 E MAIN ST,ARTESIA,EDDY,NM,88210,,,32.848593,-104.394383,NO,324,Petroleum,,,,,,,324110,,,,,,1.31221e+12,BENZENE,71432,4754.0,YES,TRI,NO,0,YES,R,Pounds,1800.0,7000.0,0.0,0,4.0,0.0,0,0.0,0.0,0.0,0,0.0,0.0,0.0,8804.0,0.0,0.0,0.0,0.0,0.0,0.0,0,0.0,4.0,0,0,0.0,0.0,27.0,260.0,0.0,0.0,0.0,0.0,0.0,291.0,0.0,0.0,0.0,0.0,0.0,0.0,0.0,0.0,0.0,0.0,1100.0,0.0,0.0,0.0,0.0,1100.0,9095.0,0,4.0,8800.0,290.0,4.0,0.0,0.0,0.0,0.0,85.0,1100.0,10283.0,0.0,,1.12,HOLLYFRONTIER CORP,8965808,1.02219e+19,1.20398e+19
40945,2012,98421SLRFN3001M,1.1e+11,US OIL & REFINING CO,3001 MARSHALL AVE,TACOMA,PIERCE,WA,98421,115.0,Puyallup Tribe of the Puyallup Reservation,47.257694,-122.395259,NO,324,Petroleum,,,,,,,324110,,,,,,1.31221e+12,BENZENE,71432,4754.0,YES,TRI,NO,0,YES,R,Pounds,879.0,568.0,0.0,0,0.0,0.0,0,0.0,0.0,0.0,0,0.0,0.0,0.0,1447.0,0.0,0.0,0.0,0.0,0.0,0.0,0,0.0,0.0,0,0,0.0,0.0,0.0,0.1,0.0,0.0,0.0,0.0,0.0,0.1,0.0,0.0,0.0,0.0,0.0,0.0,0.0,0.0,0.0,0.0,15.7,0.0,0.0,0.0,0.0,15.7,1447.1,0,0.0,1447.0,0.1,0.0,0.0,0.0,0.0,0.0,10000.0,15.7,11462.8,,,0.91,TRAILSTONE L.P.,79268522,6.61462e+18,6.36853e+18
42052,2012,67460NTNLC2000M,1.10017e+11,CHS MCPHERSON REFINERY,2000 S MAIN ST,MCPHERSON,MCPHERSON,KS,67460,,,38.347278,-97.673846,NO,324,Petroleum,,,,,,,324110,,,,,,1.31221e+12,BENZENE,71432,4754.0,YES,TRI,NO,0,YES,R,Pounds,14820.0,2380.0,0.0,0,184.0,0.0,0,0.0,0.0,5.0,0,0.0,0.0,14.0,17403.0,0.0,0.0,0.0,0.0,0.0,0.0,0,0.0,0.0,0,0,0.0,0.0,0.0,1.0,0.0,0.0,0.0,0.0,0.0,1.0,36.0,0.0,0.0,0.0,0.0,36.0,206.0,1.0,207.0,0.0,1.0,0.0,0.0,0.0,0.0,1.0,17404.0,0,184.0,17219.0,1.0,0.0,0.0,207.0,4746.0,36.0,1094.0,1.0,23488.0,0.0,,1.0,CHS INC,6147177,8.03693e+18,6.0139e+18
42299,2012,47620NDNFR1200R,1.10018e+11,COUNTRYMARK REFINING & LOGISTICS LLC,1200 REFINERY RD,MOUNT VERNON,POSEY,IN,47620,,,37.942222,-87.908417,NO,324,Petroleum,,,,,,,324110,,,,,,1.31221e+12,BENZENE,71432,4754.0,YES,TRI,NO,0,YES,R,Pounds,155.0,475.0,1.0,0,0.0,0.0,0,0.0,0.0,0.0,0,0.0,0.0,0.0,631.0,0.0,0.0,0.0,0.0,0.0,0.0,0,0.0,0.0,0,0,0.0,0.0,0.0,0.0,0.0,0.0,0.0,0.0,0.0,0.0,0.0,0.0,0.0,0.0,0.0,0.0,3813.0,0.0,3813.0,0.0,0.0,0.0,0.0,0.0,0.0,0.0,631.0,0,0.0,631.0,0.0,0.0,0.0,3813.0,0.0,0.0,4038.0,0.0,8482.0,,,1.07,COUNTRYMARK,7902869,7.60137e+18,3.18425e+18
43216,2012,90748NCLLS1660W,1.1e+11,PHILLIPS 66 LOS ANGELES REFINERY WILMINGTON PLANT,1660 W ANAHEIM ST,WILMINGTON,LOS ANGELES,CA,90744,,,33.774469,-118.290696,NO,324,Petroleum,,,,,,,324110,,,,,,1.31221e+12,BENZENE,71432,4754.0,YES,TRI,NO,0,YES,R,Pounds,320.0,460.0,0.0,0,0.0,0.0,0,0.0,0.0,0.0,0,0.0,0.0,0.0,780.0,0.0,280.0,280.0,0.0,0.0,0.0,0,0.0,0.0,0,0,0.0,0.0,7.0,0.0,0.0,0.0,0.0,0.0,0.0,7.0,0.0,0.0,23.0,0.0,75.0,98.0,0.0,0.0,0.0,0.0,6.0,0.0,0.0,0.0,0.0,286.0,787.0,0,0.0,780.0,7.0,0.0,0.0,0.0,0.0,98.0,0.0,290.0,1175.0,,,1.01,PHILLIPS 66 CO,78378508,5.54283e+18,2.74911e+18
43461,2012,77506CRWNC111RE,1.1e+11,PASADENA REFINING SYSTEM INC,111 RED BLUFF RD,PASADENA,HARRIS,TX,77506,,,29.723889,-95.208888,NO,324,Petroleum,,,,,,,324110,,,,,,1.31221e+12,BENZENE,71432,4754.0,YES,TRI,NO,0,YES,R,Pounds,7246.75,6879.19,50.52,0,0.0,0.0,0,0.0,0.0,0.0,0,0.0,0.0,0.0,14176.46,0.0,1664.0,1664.0,0.0,0.0,0.0,0,0.0,0.0,0,0,0.0,0.0,0.0,0.0,0.0,0.0,0.0,0.0,0.06056,0.06056,0.0,0.0,0.0,0.0,0.0,0.0,0.0,0.0,0.0,0.0,0.0,0.0,0.0,0.0,0.0,1664.0,14176.52056,0,0.0,14176.46,0.0,0.06056,0.0,0.0,346922.0,0.0,0.0,1664.0,362762.5206,,,1.11,PETROBRAS AMERICA INC,363702457,1.69256e+19,4.38903e+18
44014,2012,44482LTVST2234M,1.10013e+11,ARCELORMITTAL CLEVELAND LLC DBA ARCELORMITTAL WARREN,2234 MAIN AVE SW,WARREN,TRUMBULL,OH,44481,,,41.211242,-80.81682,NO,324,Petroleum,,,,,,,324199,,,,,,1.31221e+12,BENZENE,71432,4754.0,YES,TRI,NO,0,YES,R,Pounds,22815.0,0.0,0.0,0,0.0,0.0,0,0.0,0.0,0.0,0,0.0,0.0,0.0,22815.0,0.0,0.0,0.0,0.0,0.0,0.0,0,0.0,0.0,0,0,0.0,0.0,0.0,0.0,0.0,0.0,0.0,0.0,0.0,0.0,0.0,0.0,0.0,0.0,0.0,0.0,0.0,0.0,0.0,0.0,1881.0,0.0,0.0,0.0,0.0,1881.0,22815.0,0,0.0,22815.0,0.0,0.0,0.0,0.0,0.0,0.0,0.0,1881.0,24696.0,,,0.96,ARCELORMITTAL USA LLC,107970886,1.77149e+19,1.66038e+19
44353,2012,97210WLLBR5501N,1.10012e+11,PARAMOUNT OF OREGON LLC WILLBRIDGE ASPHALT PLANT,5501 NW FRONT AVE,PORTLAND,MULTNOMAH,OR,972101115,,,45.560503,-122.736495,NO,324,Petroleum,,,,,,,324110,,,,,,1.31221e+12,BENZENE,71432,4754.0,YES,TRI,NO,0,YES,R,Pounds,74.0,275.0,0.0,0,0.0,0.0,0,0.0,0.0,0.0,0,0.0,0.0,0.0,349.0,0.0,1.0,1.0,0.0,0.0,0.0,0,0.0,0.0,0,0,0.0,0.0,0.0,0.0,0.0,0.0,0.0,0.0,0.0,0.0,0.0,0.0,0.0,0.0,0.0,0.0,0.0,0.0,0.0,0.0,0.0,0.0,0.0,0.0,0.0,1.0,349.0,0,0.0,349.0,0.0,0.0,0.0,0.0,0.0,0.0,0.0,1.0,350.0,,,1.0,PARAMOUNT PETROLEUM CORP,72784523,3.59883e+18,9.43821e+18
44891,2012,84087CRYSN2355S,1.1e+11,SILVER EAGLE REFINING WOODS CROSS,2355 S 1100 W,WOODS CROSS,DAVIS,UT,84087,,,40.866389,-111.911389,NO,324,Petroleum,,,,,,,324110,,,,,,1.31221e+12,BENZENE,71432,4754.0,YES,TRI,NO,0,YES,R,Pounds,418.66,2530.69,0.0,0,0.0,0.0,0,0.0,0.0,0.0,0,0.0,0.0,0.0,2949.35,0.0,94.25,94.25,0.0,0.0,0.0,0,0.0,0.0,0,0,0.0,0.0,2.08,0.0,0.0,0.0,0.0,0.0,0.0,2.08,0.0,0.0,0.0,0.0,0.0,0.0,0.0,0.0,0.0,0.0,135.219,0.0,0.0,0.0,0.0,229.469,2951.43,0,0.0,2949.35,2.08,0.0,0.0,0.0,4367.7,0.0,2273.55,229.469,9822.149,,,2.73,THE INTERNATIONAL GROUP INC,2358455,4.13081e+18,4.45867e+18
45300,2012,43616SNRFN1819W,1.10011e+11,TOLEDO REFINING CO LLC,1819 WOODVILLE RD,OREGON,LUCAS,OH,43616,,,41.6328,-83.5019,NO,324,Petroleum,,,,,,,324110,,,,,,1.31221e+12,BENZENE,71432,4754.0,YES,TRI,NO,0,YES,R,Pounds,1700.0,5300.0,0.0,0,0.0,0.0,0,0.0,0.0,0.0,0,0.0,0.0,5.0,7005.0,0.0,0.0,0.0,0.0,0.0,0.0,0,0.0,0.0,0,0,0.0,0.0,0.0,0.0,0.0,0.0,0.0,5.0,0.0,5.0,0.0,0.0,40250.0,0.0,0.0,40250.0,0.0,0.0,0.0,0.0,0.0,255.0,36000.0,0.0,0.0,36255.0,7010.0,0,0.0,7005.0,0.0,5.0,0.0,0.0,0.0,40250.0,37300.0,36255.0,120815.0,,,0.97,PBF ENERGY,962619206,1.77149e+19,6.02989e+18
46326,2012,70037LLNCRHIGHW,1.10064e+11,PHILLIPS 66  - ALLIANCE REFINERY,15551 HIGHWAY 23,BELLE CHASSE,PLAQUEMINES PARISH,LA,70037,,,29.68,-89.980833,NO,324,Petroleum,,,,,,,324110,,,,,,1.31221e+12,BENZENE,71432,4754.0,YES,TRI,NO,0,YES,R,Pounds,9769.0,26745.0,45.0,0,0.0,0.0,0,0.0,13.0,0.0,0,0.0,0.0,0.0,36572.0,0.0,0.0,0.0,0.0,0.0,0.0,0,0.0,0.0,0,0,0.0,0.0,0.0,0.0,0.0,0.0,0.0,0.0,9.0,9.0,0.0,0.0,0.0,0.0,0.0,0.0,0.0,0.0,0.0,0.0,0.0,0.0,0.0,0.0,0.0,0.0,36581.0,0,13.0,36559.0,0.0,9.0,0.0,0.0,0.0,0.0,270975.0,0.0,307556.0,,,0.93,PHILLIPS 66,78378508,6.6001e+18,1.39982e+19
46659,2012,35217BCCKDRAILR,1.1e+11,DRUMMOND CO INC ABC COKE DIV,ONE RAILROAD AVE,TARRANT,JEFFERSON,AL,35217,,,33.580769,-86.781281,NO,324,Petroleum,,,,,,,324199,,,,,,1.31221e+12,BENZENE,71432,4754.0,YES,TRI,NO,0,YES,R,Pounds,4986.0,6509.0,0.0,0,0.0,0.0,0,0.0,0.0,0.0,0,0.0,0.0,0.0,11495.0,0.0,0.0,0.0,0.0,0.0,0.0,0,0.0,0.0,0,0,0.0,0.0,0.0,0.0,0.0,0.0,0.0,0.0,0.0,0.0,0.0,0.0,0.0,0.0,0.0,0.0,0.0,0.0,0.0,0.0,0.0,0.0,0.0,0.0,0.0,0.0,11495.0,0,0.0,11495.0,0.0,0.0,0.0,0.0,0.0,0.0,145863.0,0.0,157358.0,,,0.88,DRUMMOND CO INC,67103432,1.27074e+19,1.60624e+19
47265,2012,43616SHLCM4001C,1.1e+11,BP-HUSKY REFINING LLC,4001 CEDAR POINT RD,OREGON,LUCAS,OH,43616,,,41.679167,-83.449722,NO,324,Petroleum,,,,,,,324110,,,,,,1.31221e+12,BENZENE,71432,4754.0,YES,TRI,NO,0,YES,R,Pounds,5100.0,4400.0,6.0,0,0.0,0.0,0,0.0,0.0,0.0,0,0.0,0.0,0.0,9506.0,0.0,0.0,0.0,0.0,0.0,0.0,0,0.0,0.0,0,0,0.0,0.0,0.0,0.0,0.0,1.0,30.0,0.0,0.0,31.0,0.0,0.0,0.0,0.0,0.0,0.0,0.0,0.0,0.0,0.0,46.0,0.0,0.0,0.0,0.0,46.0,9537.0,0,0.0,9506.0,0.0,31.0,0.0,0.0,0.0,0.0,3900.0,46.0,13483.0,,,0.95,BP-HUSKY REFINING LLC,55057542,1.77149e+19,6.02989e+18
47584,2012,96707CHVRN91480,1.1e+11,IES DOWNSTREAM LLC - KAPOLEI REFINERY,91-480 MALAKOLE ST,KAPOLEI,HONOLULU,HI,96707,,,21.309854,-158.111997,NO,324,Petroleum,,,,,,,324110,325188,,,,,1.31221e+12,BENZENE,71432,4754.0,YES,TRI,NO,0,YES,R,Pounds,3900.0,2600.0,16.0,0,0.0,0.0,0,0.0,0.0,0.0,0,0.0,0.0,0.0,6516.0,0.0,0.0,0.0,0.0,0.0,0.0,0,0.0,0.0,0,0,0.0,0.0,4.0,0.0,0.0,0.0,0.0,0.0,0.0,4.0,0.0,0.0,0.0,0.0,0.0,0.0,0.0,0.0,0.0,0.0,69.0,0.0,0.0,0.0,0.0,69.0,6520.0,0,0.0,6516.0,4.0,0.0,0.0,0.0,0.0,0.0,0.0,69.0,6589.0,,,0.96,IES DOWNSTREAM LLC,80382788,7.4465e+18,1.02823e+19
47840,2012,8263WNTLPR27HIG,1.10042e+11,ANTELOPE REFINING,2070 HIGHWAY 59,DOUGLAS,CONVERSE,WY,82633,,,43.018663,-105.261432,NO,324,Petroleum,,,,,,,324110,,,,,,1.31221e+12,BENZENE,71432,4754.0,YES,TRI,NO,0,YES,R,Pounds,773.06,47.63,5.0,0,0.0,0.0,0,0.0,0.0,0.0,0,0.0,0.0,0.0,825.69,0.0,0.0,0.0,0.0,0.0,0.0,0,0.0,0.0,0,0,0.0,0.0,229.83,0.0,0.0,0.0,0.0,0.0,0.0,229.83,0.0,0.0,0.0,0.0,0.0,0.0,0.0,0.0,0.0,0.0,0.0,0.0,0.0,0.0,0.0,0.0,1055.52,0,0.0,819.93,0.0,0.0,0.0,0.0,0.0,0.0,3076.57,0.0,3896.5,235.59,,1.46,GENESIS ENERGY LP,962965406,5.89999e+18,7.50068e+18
48036,2012,14150TNWND3875R,1.1e+11,TONAWANDA COKE CORP,3875 RIVER RD,TONAWANDA,ERIE,NY,14150,,,42.983638,-78.92728,NO,324,Petroleum,,,,,,,324199,,,,,,1.31221e+12,BENZENE,71432,4754.0,YES,TRI,NO,0,YES,R,Pounds,1089.0,1258.0,0.0,0,0.0,0.0,0,0.0,0.0,0.0,0,0.0,0.0,0.0,2347.0,0.0,0.0,0.0,0.0,0.0,0.0,0,0.0,0.0,0,0,0.0,0.0,0.0,0.0,0.0,0.0,0.0,0.0,0.0,0.0,10.1,0.0,0.0,0.0,0.0,10.1,0.0,0.0,0.0,0.0,0.0,0.0,0.0,0.0,0.0,0.0,2347.0,0,0.0,2347.0,0.0,0.0,538.0,0.0,573.0,10.1,0.0,0.0,3468.1,,,0.83,,,5.30865e+17,2.90599e+18
48899,2012,98221SHLLLWESTM,1.10001e+11,TESORO REFINING & MARKETING CO LLC,W MARCH POINT RD,ANACORTES,SKAGIT,WA,98221,,,48.489534,-122.564292,NO,324,Petroleum,,,,,,,324110,,,,,,1.31221e+12,BENZENE,71432,4754.0,YES,TRI,NO,0,YES,R,Pounds,5189.0,2429.0,415.0,0,0.0,0.0,0,0.0,0.0,0.0,0,0.0,0.0,0.0,8033.0,0.0,0.0,0.0,0.0,0.0,0.0,0,0.0,0.0,0,0,0.0,0.0,0.0,8.0,0.0,0.0,0.0,0.0,0.0,8.0,0.0,0.0,0.0,0.0,0.0,0.0,6.0,0.0,6.0,0.0,36.0,0.0,0.0,0.0,0.0,36.0,8041.0,0,0.0,7915.0,0.0,0.0,0.0,5.0,156752.0,0.0,20328.0,36.0,185036.0,127.0,,1.0,TESORO CORP,8133480,6.61462e+18,1.22604e+19
49109,2012,45804SHLCM1150S,1.1e+11,LIMA REFINING CO,1150 S METCALF ST,LIMA,ALLEN,OH,45804,,,40.720649,-84.122623,NO,324,Petroleum,,,,,,,324110,,,,,,1.31221e+12,BENZENE,71432,4754.0,YES,TRI,NO,0,YES,R,Pounds,5264.77,14560.05,0.0,0,0.0,0.0,0,0.0,0.0,0.0,0,0.0,0.0,0.0,19824.82,0.0,0.0,0.0,0.0,0.0,0.0,0,0.0,0.0,0,0,0.0,0.0,0.0,0.0,0.0,0.0,0.0,0.0,0.0,0.0,0.0,0.0,0.0,0.0,0.0,0.0,47.76,0.0,47.76,0.0,0.0,0.0,0.0,0.0,0.0,0.0,19824.82,0,0.0,19824.82,0.0,0.0,0.0,47.76,351.79,0.0,13514.68,0.0,33739.05,,,1.01,HUSKY ENERGY INC,251064861,1.77149e+19,1.43411e+19
49895,2012,71730LNLRF1000M,1.10017e+11,LION OIL CO,1000 MCHENRY AVE,EL DORADO,UNION,AR,71730,,,33.200091,-92.675095,NO,324,Petroleum,,,,,,,324110,,,,,,1.31221e+12,BENZENE,71432,4754.0,YES,TRI,NO,0,YES,R,Pounds,912.0,7155.0,5.0,0,0.0,0.0,0,0.0,0.0,0.0,0,0.0,0.0,0.0,8072.0,0.0,0.0,0.0,0.0,0.0,0.0,0,0.0,0.0,0,0,0.0,0.0,0.0,0.0,0.0,0.0,0.0,0.0,0.0,0.0,0.0,0.0,0.0,0.0,0.0,0.0,0.0,1.0,1.0,0.0,0.0,0.0,0.0,0.0,0.0,0.0,8072.0,0,0.0,8072.0,0.0,0.0,0.0,1.0,0.0,0.0,4908.0,0.0,12981.0,,,1.1,DELEK US HOLDINGS INC,,7.65659e+18,1.5386e+19
50379,2012,70602CTGPTHIGHW,1.10001e+11,CITGO PETROLEUM CORP,1601 HWY 108 E,SULPHUR,CALCASIEU PARISH,LA,70665,,,30.19301,-93.339624,NO,324,Petroleum,,,,,,,324110,325188,325199.0,,,,1.31221e+12,BENZENE,71432,4754.0,YES,TRI,NO,0,YES,R,Pounds,11526.0,21626.0,2.0,0,0.0,0.0,0,0.0,0.0,0.0,0,0.0,0.0,0.0,33154.0,0.0,0.0,0.0,0.0,0.0,0.0,0,0.0,0.0,0,0,0.0,0.0,0.0,0.0,0.0,0.0,0.0,0.0,0.0,0.0,0.0,0.0,0.0,0.0,0.0,0.0,0.0,0.0,0.0,0.0,30.81,0.0,0.0,5.31,0.0,36.12,33154.0,0,0.0,33049.0,0.0,0.0,0.0,0.0,0.0,0.0,75571.0,36.12,108656.12,105.0,,1.02,CITGO HOLDING INC.,858706773,6.6001e+18,9.52001e+18
50683,2012,82334SNCLREASTL,1.1e+11,SINCLAIR WYOMING REFINING CO,100 E LINCOLN AVE,SINCLAIR,CARBON,WY,82334,,,41.77899,-107.104,NO,324,Petroleum,,,,,,,324110,,,,,,1.31221e+12,BENZENE,71432,4754.0,YES,TRI,NO,0,YES,R,Pounds,4500.0,3600.0,0.0,0,0.0,0.0,0,0.0,0.0,0.0,0,0.0,0.0,0.0,8100.0,0.0,0.0,0.0,0.0,0.0,0.0,0,0.0,0.0,0,0,0.0,0.0,0.0,0.0,0.0,0.0,0.0,0.0,0.0,0.0,0.0,0.0,6.9,0.0,0.0,6.9,0.0,6.7,6.7,0.0,0.0,21.0,0.0,0.0,0.0,21.0,8100.0,0,0.0,8100.0,0.0,0.0,0.0,6.7,0.0,6.9,890.0,21.0,9024.6,,,1.18,SINCLAIR OIL CORP,184763589,5.89999e+18,5.06244e+18
50775,2012,58554MCLCMNORTH,1.10025e+11,TESORO MANDAN REFINERY,900 OLD RED TRAIL NE,MANDAN,MORTON,ND,58554,,,46.85055,-100.88083,NO,324,Petroleum,,,,,,,324110,,,,,,1.31221e+12,BENZENE,71432,4754.0,YES,TRI,NO,0,YES,R,Pounds,2400.0,450.0,0.0,0,0.0,0.0,0,0.0,4.0,0.0,0,0.0,0.0,0.0,2854.0,0.0,0.0,0.0,0.0,0.0,0.0,0,0.0,0.0,0,0,0.0,0.0,0.0,0.0,0.0,0.0,0.0,0.0,0.0,0.0,0.0,0.0,0.0,0.0,0.0,0.0,0.0,0.0,0.0,0.0,9.0,0.0,0.0,0.0,0.0,9.0,2854.0,0,4.0,2900.0,0.0,0.0,0.0,0.0,0.0,0.0,44000.0,9.0,46913.0,0.0,,1.08,TESORO CORP,8133480,9.03838e+18,1.11396e+19
51586,2012,16512RCKCRFOOTO,1.10044e+11,ERIE COKE CORP,925 EAST BAY DRIVE,ERIE,ERIE,PA,16507,,,42.14562,-80.06924,NO,324,Petroleum,,,,,,,324199,,,,,,1.31221e+12,BENZENE,71432,4754.0,YES,TRI,NO,0,YES,R,Pounds,1811.0,7520.0,0.0,0,0.0,0.0,0,0.0,0.0,0.0,0,0.0,0.0,0.0,9331.0,0.0,0.0,0.0,0.0,0.0,0.0,0,0.0,0.0,0,0,0.0,0.0,0.0,0.0,0.0,0.0,0.0,0.0,0.0,0.0,0.0,0.0,0.0,0.0,0.0,0.0,0.0,0.0,0.0,0.0,0.0,0.0,0.0,0.0,0.0,0.0,9331.0,0,0.0,9331.0,0.0,0.0,2340.0,0.0,4.0,0.0,0.0,0.0,11675.0,,,1.02,,,2.77192e+18,1.36307e+19
51673,2012,90222DMNNK2000N,1.1e+11,DEMENNOKERDOON DBA WORLD OIL RECYCLING,2000 NORTH ALAMEDA STREET,COMPTON,LOS ANGELES,CA,90222,,,33.910116,-118.221906,NO,324,Petroleum,,,,,,,324191,,,,,,1.31221e+12,BENZENE,71432,4754.0,YES,TRI,NO,0,YES,R,Pounds,0.85,16.13,0.0,0,0.0,0.0,0,0.0,0.0,0.0,0,0.0,0.0,0.0,16.98,0.0,165.8,165.8,0.0,0.0,0.0,0,0.0,0.0,0,0,0.0,0.0,0.36,0.0,0.0,0.0,0.0,0.0,0.0,0.36,0.0,0.0,0.0,0.0,0.0,0.0,12331.45,0.0,12331.45,0.0,0.0,0.0,0.0,0.0,0.0,165.8,17.34,0,0.0,16.98,0.36,0.0,0.0,12331.45,31735.52,0.0,1629.83,165.8,45879.94,,,0.97,WORLD OIL CORP,72937436,5.54283e+18,7.19445e+18
51863,2012,78071DMNDS301LE,1.1e+11,VALERO THREE RIVERS REFINERY,301 LEROY ST,THREE RIVERS,LIVE OAK,TX,78071,,,28.456667,-98.190277,NO,324,Petroleum,,,,,,,324110,,,,,,1.31221e+12,BENZENE,71432,4754.0,YES,TRI,NO,0,YES,R,Pounds,19056.0,7943.0,0.0,0,1.0,0.0,0,0.0,0.0,0.0,0,0.0,0.0,1.0,27001.0,0.0,0.0,0.0,0.0,0.0,0.0,0,1.0,0.0,0,0,0.0,0.0,0.0,111.0,0.0,0.0,0.0,0.0,0.0,112.0,0.0,0.0,88.0,0.0,0.0,88.0,0.0,0.0,0.0,0.0,0.0,0.0,0.0,0.0,0.0,0.0,27113.0,0,1.0,27000.0,112.0,0.0,0.0,0.0,0.0,88.0,212784.0,0.0,239985.0,,,0.94,VALERO ENERGY CORP,82686916,1.69256e+19,3.31316e+18
52101,2012,90509MBLLC3700W,1.1e+11,TORRANCE REFINING CO LLC,3700 W 190TH ST,TORRANCE,LOS ANGELES,CA,90504,,,33.854967,-118.336907,NO,324,Petroleum,,,,,,,324110,,,,,,1.31221e+12,BENZENE,71432,4754.0,YES,TRI,NO,0,YES,R,Pounds,150.0,4600.0,0.0,0,0.0,0.0,0,0.0,0.0,0.0,0,0.0,0.0,0.0,4750.0,0.0,5200.0,5200.0,0.0,0.0,0.0,0,0.0,0.0,0,0,0.0,0.0,0.0,38.0,0.0,0.0,0.0,0.0,0.0,38.0,0.0,0.0,0.0,0.0,0.0,0.0,1.0,0.0,1.0,0.0,19.0,0.0,0.0,0.0,0.0,5219.0,4788.0,0,0.0,4800.0,38.0,0.0,0.0,1.0,0.0,0.0,12000.0,5200.0,22039.0,0.0,,1.03,PBF ENERGY,962619206,5.54283e+18,1.77321e+19
52134,2012,77592TXSCTLOOP1,1.10033e+11,VALERO REFINING-TEXAS LP,1301 LOOP 197 S,TEXAS CITY,GALVESTON,TX,77590,,,29.369167,-94.911111,NO,324,Petroleum,,,,,,,324110,,,,,,1.31221e+12,BENZENE,71432,4754.0,YES,TRI,NO,0,YES,R,Pounds,3736.0,6871.0,1.0,0,0.0,0.0,0,0.0,0.0,0.0,0,0.0,0.0,4.0,10612.0,0.0,0.0,0.0,0.0,0.0,0.0,0,0.0,0.0,0,0,0.0,0.0,0.28,0.0,0.0,0.0,0.0,0.0,0.0,0.28,0.01,0.0,1.28,0.0,0.0,1.29,0.0,0.0,0.0,0.0,10.57,0.0,0.0,0.0,0.0,10.57,10612.28,0,0.0,10612.0,0.28,0.0,38349.0,0.0,0.0,1.29,941.0,10.57,49914.14,,,1.05,VALERO ENERGY CORP,79391280,1.69256e+19,1.09281e+19
53300,2012,94553TSCCRAVONR,1.10025e+11,TESORO REFINING & MARKETING CO LLC,150 SOLANO WAY,MARTINEZ,CONTRA COSTA,CA,94553,,,38.0251,-122.0639,NO,324,Petroleum,,,,,,,324110,,,,,,1.31221e+12,BENZENE,71432,4754.0,YES,TRI,NO,0,YES,R,Pounds,1300.0,3800.0,11.0,0,0.0,0.0,0,0.0,0.0,0.0,0,0.0,0.0,0.0,5111.0,0.0,0.0,0.0,0.0,0.0,0.0,0,0.0,0.0,0,0,0.0,0.0,4.0,6.0,0.0,0.0,4.0,3.0,0.0,17.0,0.0,0.0,10.0,0.0,0.0,10.0,0.0,0.0,0.0,0.0,11.0,0.0,0.0,0.0,0.0,11.0,5128.0,0,0.0,5100.0,10.0,7.0,0.0,0.0,0.0,10.0,3300.0,11.0,8438.0,0.0,,0.97,TESORO CORP,8133480,5.54283e+18,8.44409e+18
53973,2012,19706TXCDL2000W,1.10001e+11,DELAWARE CITY REFINERY,4550 WRANGLE HILL RD,DELAWARE CITY,NEW CASTLE,DE,19706,,,39.588611,-75.635555,NO,324,Petroleum,,,,,,,324110,,,,,,1.31221e+12,BENZENE,71432,4754.0,YES,TRI,NO,0,YES,R,Pounds,2057.0,9836.0,5.0,0,0.0,0.0,0,0.0,0.0,0.0,0,0.0,0.0,0.0,11898.0,0.0,0.0,0.0,0.0,0.0,0.0,0,0.0,0.0,0,0,0.0,0.0,0.0,0.0,0.0,0.0,0.0,0.0,0.0,0.0,0.0,0.0,0.0,0.0,0.0,0.0,0.0,90.0,90.0,0.6,7.64,0.0,0.0,0.3,0.0,8.54,11898.0,0,0.0,11898.0,0.0,0.0,612514.0,90.0,0.0,0.0,42429.0,8.54,666939.54,,,5.36,PBF ENERGY,962406281,1.45208e+19,2.10941e+18
54729,2012,15025RSTCH400ST,1.1e+11,KOPPERS INC CLAIRTON TAR PLANT,300 N STATE ST,CLAIRTON,ALLEGHENY,PA,15025,,,40.30695,-79.88639,NO,324,Petroleum,,,,,,,324199,,,,,,1.31221e+12,BENZENE,71432,4754.0,YES,TRI,NO,0,YES,R,Pounds,811.0,1706.0,0.0,0,0.0,0.0,0,0.0,0.0,0.0,0,0.0,0.0,0.0,2517.0,0.0,0.0,0.0,0.0,0.0,0.0,0,0.0,0.0,0,0,0.0,0.0,0.0,0.0,0.0,0.0,0.0,0.0,0.0,0.0,0.0,0.0,0.0,0.0,0.0,0.0,0.0,0.0,0.0,0.0,0.0,6.0,71385.0,0.0,0.0,71391.0,2517.0,0,0.0,2500.0,0.0,0.0,0.0,0.0,15.0,0.0,260.0,71000.0,73775.0,,,1.07,KOPPERS INC,196991582,2.77192e+18,1.27229e+19
54858,2012,78403CSTLR1300C,1.10001e+11,VALERO REFINING TEXAS LP CORPUS CHRISTI EAST PLANT,1300 CANTWELL LN,CORPUS CHRISTI,NUECES,TX,78407,,,27.810775,-97.436658,NO,324,Petroleum,,,,,,,324110,,,,,,1.31221e+12,BENZENE,71432,4754.0,YES,TRI,NO,0,YES,R,Pounds,12870.0,16995.0,0.0,0,0.0,0.0,0,0.0,0.0,0.0,0,0.0,0.0,0.0,29865.0,0.0,0.0,0.0,0.0,0.0,0.0,0,0.0,0.0,0,0,0.0,0.0,0.0,1128.0,0.0,0.0,0.0,0.0,0.0,1128.0,0.0,0.0,439.0,0.0,0.0,439.0,41.0,0.0,41.0,0.0,60.0,0.0,0.0,0.0,0.0,60.0,30993.0,0,0.0,29581.0,918.0,0.0,3419.0,41.0,0.0,439.0,558500.0,60.0,592958.0,494.0,,0.98,VALERO ENERGY CORP,82686916,1.69256e+19,2.19884e+18
55009,2012,62084SHLLLRTE11,1.10042e+11,WOOD RIVER REFINERY,900 S CENTRAL AVE,ROXANA,MADISON,IL,62084,,,38.836148,-90.067006,NO,324,Petroleum,,,,,,,324110,,,,,,1.31221e+12,BENZENE,71432,4754.0,YES,TRI,NO,0,YES,R,Pounds,15712.0,21194.0,0.0,0,0.0,0.0,0,0.0,0.0,0.0,0,0.0,0.0,0.0,36906.0,0.0,0.0,0.0,0.0,0.0,0.0,0,0.0,0.0,0,0,0.0,0.0,1.0,0.0,0.0,0.0,0.0,0.0,0.0,1.0,0.0,0.0,0.0,0.0,0.0,0.0,385.0,0.0,385.0,0.0,43.0,0.0,0.0,0.0,0.0,43.0,36907.0,0,0.0,36906.0,1.0,0.0,0.0,385.0,0.0,0.0,210000.0,43.0,247335.0,0.0,,1.0,WRB REFINING LP,794031356,1.46196e+19,6.65815e+18
56062,2012,84103MCLCM474WE,1.1e+11,TESORO REFINING & MARKETING CO LLC,474 W 900 N,SALT LAKE CITY,SALT LAKE,UT,84103,,,40.7889,-111.90441,NO,324,Petroleum,,,,,,,324110,,,,,,1.31221e+12,BENZENE,71432,4754.0,YES,TRI,NO,0,YES,R,Pounds,1700.0,3000.0,0.0,0,0.0,0.0,0,0.0,0.0,0.0,0,0.0,0.0,2.0,4702.0,0.0,3300.0,3300.0,0.0,0.0,0.0,0,0.0,0.0,0,0,0.0,0.0,0.0,20.0,0.0,0.0,0.0,0.0,0.0,20.0,0.0,0.0,0.0,0.0,0.0,0.0,0.0,0.0,0.0,0.0,72.0,0.0,0.0,0.0,0.0,3372.0,4722.0,0,0.0,4702.0,20.0,0.0,0.0,0.0,0.0,0.0,0.0,3372.0,8094.0,,,1.02,TESORO CORP,8133480,4.13081e+18,1.65023e+19
56084,2012,78112VPRCN7124R,1.10002e+11,VP RACING FUELS INC,7124 RICHTER RD,ELMENDORF,BEXAR,TX,78112,,,29.2725,-98.348333,NO,324,Petroleum,,,,,,,324199,,,,,,1.31221e+12,BENZENE,71432,4754.0,YES,TRI,NO,0,YES,A,Pounds,0.0,0.0,0.0,0,0.0,0.0,0,0.0,0.0,0.0,0,0.0,0.0,0.0,0.0,0.0,0.0,0.0,0.0,0.0,0.0,0,0.0,0.0,0,0,0.0,0.0,0.0,0.0,0.0,0.0,0.0,0.0,0.0,0.0,0.0,0.0,0.0,0.0,0.0,0.0,0.0,0.0,0.0,0.0,0.0,0.0,0.0,0.0,0.0,0.0,0.0,0,0.0,0.0,0.0,0.0,0.0,0.0,0.0,0.0,0.0,0.0,0.0,0.0,,0.0,VP RACING FUELS INC,615416104,1.69256e+19,5.08281e+17
57165,2012,79086DMNDSSTARR,1.1e+11,DIAMOND SHAMROCK REFINING CO LP,6701 FM 119,SUNRAY,MOORE,TX,79086,,,35.951944,-101.873889,NO,324,Petroleum,,,,,,,324110,,,,,,1.31221e+12,BENZENE,71432,4754.0,YES,TRI,NO,0,YES,R,Pounds,147.15,15157.61,0.0,0,34862.77,0.0,0,0.0,0.0,0.0,0,0.0,0.0,141.16,50308.69,0.0,0.0,0.0,0.0,0.0,0.0,0,0.0,0.0,0,0,0.0,0.0,11.66,0.0,0.0,0.0,0.0,0.0,0.0,11.66,0.0,0.0,1.88,0.0,0.0,1.88,7705.09,0.0,7705.09,0.0,22.68,0.0,0.0,0.0,0.0,22.68,50320.35,0,34862.77,15445.92,11.66,0.0,0.0,7705.09,0.0,1.88,0.0,22.68,58050.0,,,0.98,VALERO ENERGY CORP,82686916,1.69256e+19,8.75263e+17
57519,2012,82931XBWHYI80EX,1.10001e+11,SILVER EAGLE REFINING-EVANSTON,2990 COUNTY RD 180,EVANSTON,UINTA,WY,82930,,,41.260556,-110.806944,NO,324,Petroleum,,,,,,,324110,,,,,,1.31221e+12,BENZENE,71432,4754.0,YES,TRI,NO,0,YES,R,Pounds,394.1,450.1,0.0,0,0.0,0.0,0,0.0,0.0,0.0,0,0.0,0.0,0.0,844.2,0.0,0.0,0.0,0.0,0.0,0.0,0,0.0,0.0,0,0,0.0,0.0,0.0,0.0,0.0,0.0,0.0,0.0,0.0,0.0,0.0,0.0,0.0,0.0,0.0,0.0,0.0,0.0,0.0,0.0,0.014,0.0,0.41,0.0,0.0,0.424,844.2,0,0.0,844.2,0.0,0.0,12.72,0.0,1765.51,0.0,1910.43,0.424,4533.284,,,1.04,THE INTERNATIONAL GROUP INC,2358455,5.89999e+18,1.52019e+19
57996,2012,84054BGWST333WE,1.1e+11,BIG WEST OIL LLC,333 W CENTER ST,NORTH SALT LAKE,DAVIS,UT,84054,,,40.838386,-111.921443,NO,324,Petroleum,,,,,,,324110,,,,,,1.31221e+12,BENZENE,71432,4754.0,YES,TRI,NO,0,YES,R,Pounds,4430.0,250.0,0.0,0,0.0,0.0,0,0.0,0.0,0.0,0,0.0,0.0,0.0,4680.0,0.0,1642.0,1642.0,0.0,0.0,0.0,0,0.0,0.0,0,0,0.0,0.0,0.0,0.04,0.0,0.0,0.0,0.0,0.0,0.04,0.0,0.0,8.34,0.0,0.0,8.34,0.0,0.0,0.0,0.0,9.04,0.0,0.0,0.0,0.0,1651.04,4680.04,0,0.0,4680.0,0.04,0.0,0.0,0.0,61531.0,8.34,0.0,1651.04,67870.42,,,0.9,FJ MANAGEMENT,,4.13081e+18,1.48561e+19
58115,2012,93308TXCRF3663G,1.10001e+11,ALON PETROLEUM BAKERSFIELD REFINERY AREA 3,3663 GIBSON ST,BAKERSFIELD,KERN,CA,93308,,,35.393611,-119.0525,NO,324,Petroleum,,,,,,,324110,,,,,,1.31221e+12,BENZENE,71432,4754.0,YES,TRI,NO,0,YES,R,Pounds,0.0,4.0,0.0,0,0.0,36.0,0,0.0,0.0,0.0,0,0.0,0.0,0.0,40.0,0.0,0.0,0.0,0.0,0.0,0.0,0,0.0,0.0,0,0,0.0,0.0,0.0,0.0,0.0,0.0,0.0,0.0,0.0,0.0,0.0,0.0,0.0,0.0,0.0,0.0,0.0,0.0,0.0,0.0,0.0,0.0,0.0,0.0,0.0,0.0,40.0,0,0.0,40.0,0.0,0.0,0.0,0.0,0.0,0.0,0.0,0.0,40.0,,,1.87,ALON USA ENERGY INC,876661062,5.54283e+18,3.91956e+18
59087,2012,78409CHMPL7350I,1.1e+11,CITGO REFINING & CHEMICALS CO LP-WEST PLANT,7350 INTERSTATE HWY 37,CORPUS CHRISTI,NUECES,TX,78409,,,27.8103,-97.49828,NO,324,Petroleum,,,,,,,324110,,,,,,1.31221e+12,BENZENE,71432,4754.0,YES,TRI,NO,0,YES,R,Pounds,419.0,7.0,0.0,0,0.0,0.0,0,0.0,0.0,0.0,0,0.0,0.0,0.0,426.0,0.0,0.0,0.0,0.0,0.0,0.0,0,0.0,0.0,0,0,0.0,0.0,0.0,0.0,0.0,0.0,0.0,0.0,0.0,0.0,0.0,0.0,29.3,0.0,0.0,29.3,0.0,0.0,0.0,0.0,8.2,0.0,0.0,0.0,0.0,8.2,426.0,0,0.0,426.0,0.0,0.0,0.0,0.0,0.0,29.3,0.0,8.2,463.5,,,0.94,PDV AMERICA INC,102417268,1.69256e+19,2.19884e+18
59318,2012,70616GLDLN4646H,1.10001e+11,PELICAN REFINING CO LLC,4646 LA. HWY 3059,LAKE CHARLES,CALCASIEU PARISH,LA,70615,,,30.28614,-93.1448,NO,324,Petroleum,,,,,,,324110,,,,,,1.31221e+12,BENZENE,71432,4754.0,YES,TRI,NO,0,YES,R,Pounds,30.73,44.88,1.64,0,0.0,0.0,0,0.0,0.0,0.0,0,0.0,0.0,0.0,77.25,0.0,0.0,0.0,0.0,0.0,0.0,0,0.0,0.0,0,0,0.0,0.0,0.0,0.0,0.0,0.0,0.0,0.0,0.0,0.0,0.0,0.0,0.0,0.0,0.0,0.0,0.0,0.0,0.0,0.0,0.0,0.0,0.0,0.0,0.0,0.0,77.25,0,0.0,77.25,0.0,0.0,0.0,0.0,0.0,0.0,0.01,0.0,77.26,0.0,,1.0,PELICAN REFINING CO LLC,,6.6001e+18,1.11978e+19
59532,2012,67042TXCRF1401S,1.1e+11,HOLLYFRONTIER EL DORADO REFINING LLC,1401 S DOUGLAS RD,EL DORADO,BUTLER,KS,67042,,,37.79947,-96.867297,NO,324,Petroleum,,,,,,,324110,,,,,,1.31221e+12,BENZENE,71432,4754.0,YES,TRI,NO,0,YES,R,Pounds,7000.0,20000.0,1.0,0,0.0,0.0,0,0.0,0.0,0.0,0,0.0,0.0,0.0,27001.0,0.0,0.0,0.0,3.0,0.0,0.0,0,0.0,0.0,0,0,0.0,0.0,0.0,556.0,0.0,0.0,0.0,0.0,0.0,559.0,0.0,0.0,17.0,0.0,0.0,17.0,0.0,0.0,0.0,0.0,140.0,0.0,0.0,0.0,0.0,140.0,27560.0,0,0.0,27001.0,556.0,3.0,0.0,0.0,0.0,17.0,87000.0,140.0,114717.0,,,1.02,HOLLYFRONTIER CORP,8965808,8.03693e+18,1.75614e+19
59947,2012,73098KRRMC906SO,1.1e+11,WYNNEWOOD REFINING CO,906 S POWELL AVE,WYNNEWOOD,GARVIN,OK,73098,,,34.63001,-97.16942,NO,324,Petroleum,,,,,,,324110,,,,,,1.31221e+12,BENZENE,71432,4754.0,YES,TRI,NO,0,YES,R,Pounds,2247.0,250.0,5.0,0,0.0,0.0,0,0.0,0.0,0.0,0,0.0,0.0,0.0,2502.0,0.0,0.0,0.0,0.0,0.0,0.0,0,0.0,0.0,0,0,0.0,0.0,0.0,0.0,0.0,0.0,0.0,0.0,0.0,0.0,0.0,0.0,250.0,0.0,0.0,250.0,250.0,0.0,250.0,0.0,0.0,0.0,0.0,10.0,0.0,10.0,2502.0,0,0.0,2502.0,0.0,0.0,65000.0,250.0,0.0,250.0,0.0,10.0,68012.0,,,0.9,CVR ENERGY INC,795416135,4.97104e+18,1.62673e+19
60030,2012,90749RCPRD1801E,1.10017e+11,TESORO LOS ANGELES REFINERY-CARSON OPERATIONS,2350 E 223RD ST,CARSON,LOS ANGELES,CA,90810,,,33.81323,-118.24298,NO,324,Petroleum,,,,,,,324110,424710,,,,,1.31221e+12,BENZENE,71432,4754.0,YES,TRI,NO,0,YES,R,Pounds,21.0,13.0,0.0,0,0.0,0.0,0,0.0,0.0,0.0,0,0.0,0.0,0.0,34.0,0.0,0.0,0.0,0.0,0.0,0.0,0,0.0,0.0,0,0,0.0,0.0,4.0,0.0,0.0,0.0,0.0,0.0,0.0,4.0,0.0,0.0,0.0,0.0,0.0,0.0,0.0,0.0,0.0,0.0,0.0,0.0,0.0,0.0,0.0,0.0,38.0,0,0.0,34.0,4.0,0.0,0.0,0.0,1800.0,0.0,0.0,0.0,1838.0,0.0,,0.83,TESORO CORP,8133480,5.54283e+18,1.36048e+19
60451,2012,78408STHWS1700N,1.10038e+11,FLINT HILLS RESOURCES CORPUS CHRISTI LLC - EAST PLANT,1700 NUECES BAY BLVD,CORPUS CHRISTI,NUECES,TX,78407,,,27.804444,-97.424444,NO,324,Petroleum,,,,,,,324110,,,,,,1.31221e+12,BENZENE,71432,4754.0,YES,TRI,NO,0,YES,R,Pounds,3520.0,2454.0,21.0,0,0.0,0.0,0,0.0,0.0,0.0,0,0.0,0.0,0.0,5995.0,0.0,0.0,0.0,0.0,0.0,0.0,0,1.0,0.0,0,0,0.0,0.0,0.0,1.0,0.0,0.0,0.0,0.0,0.0,2.0,0.0,0.0,852.0,0.0,0.0,852.0,0.0,0.0,0.0,0.0,98.0,0.0,0.0,0.0,0.0,98.0,5997.0,0,0.0,5995.0,2.0,0.0,12047.0,0.0,0.0,852.0,62789.0,98.0,81783.0,,,1.04,KOCH INDUSTRIES INC,6944334,1.69256e+19,2.19884e+18
62075,2012,79905LPSRF6500T,1.10042e+11,WESTERN EL PASO REFINERY,6500 TROWBRIDGE DR,EL PASO,EL PASO,TX,79905,,,31.768889,-106.401667,NO,324,Petroleum,,,,,,,324110,,,,,,1.31221e+12,BENZENE,71432,4754.0,YES,TRI,NO,0,YES,R,Pounds,4500.0,4900.0,0.0,0,0.0,0.0,0,0.0,0.0,0.0,0,0.0,0.0,0.0,9400.0,0.0,1100.0,1100.0,0.0,0.0,0.0,0,0.0,0.0,0,0,0.0,0.0,5.4,0.0,0.0,0.0,0.0,0.0,0.0,5.4,0.0,0.0,11.4,0.0,0.0,11.4,0.0,0.0,0.0,0.0,0.0,0.8,0.0,0.0,0.0,1100.8,9405.4,0,0.0,9400.0,5.4,0.0,130.0,0.0,270.0,11.4,200000.0,1100.8,210917.6,0.0,,1.06,WESTERN REFINING INC,,1.69256e+19,1.7161e+19
62404,2012,90723PRMNT14700,1.1e+11,PARAMOUNT PETROLEUM CORP,14700 DOWNEY AVE,PARAMOUNT,LOS ANGELES,CA,90723,,,33.899538,-118.15141,NO,324,Petroleum,,,,,,,324110,,,,,,1.31221e+12,BENZENE,71432,4754.0,YES,TRI,NO,0,YES,R,Pounds,86.26,187.84,0.0,0,0.0,0.0,0,0.0,0.0,0.0,0,0.0,0.0,0.0,274.1,0.0,436.11,436.11,0.0,0.0,0.0,0,0.0,0.0,0,0,0.0,0.0,1.38,0.0,0.0,0.0,0.0,0.0,0.0,1.38,0.0,0.0,0.0,0.0,0.0,0.0,0.0,0.0,0.0,0.0,0.05,0.0,0.0,0.0,0.0,436.16,275.48,0,0.0,274.1,1.38,0.0,0.0,0.0,0.0,0.0,0.0,436.16,711.64,,,0.9,ALON USA ENERGY INC,27103550,5.54283e+18,7.76737e+18
62802,2012,16365NTDRFPOBOX,1.10044e+11,UNITED REFINING CO,15 BRADLEY ST,WARREN,WARREN,PA,16365,,,41.82949,-79.12468,NO,324,Petroleum,,,,,,,324110,,,,,,1.31221e+12,BENZENE,71432,4754.0,YES,TRI,NO,0,YES,R,Pounds,3410.0,3642.0,50.0,0,0.0,0.0,0,0.0,0.0,0.0,0,0.0,0.0,0.0,7102.0,0.0,0.0,0.0,0.0,0.0,0.0,0,0.0,0.0,0,0,0.0,0.0,0.0,0.0,0.0,0.0,0.0,0.0,0.0,0.0,0.0,0.0,2.0,0.0,0.0,2.0,0.0,0.0,0.0,0.0,25.0,0.0,0.0,70.0,0.0,95.0,7102.0,0,0.0,7102.0,0.0,0.0,470.0,0.0,11804.0,2.0,50.0,95.0,19523.0,0.0,,1.37,UNITED REFINING CO,118331149,2.77192e+18,1.36768e+19
63338,2012,74107SNCLR902W2,1.1e+11,HOLLYFRONTIER TULSA REFINING LLC EAST FACILITY,902 W 25TH ST,TULSA,TULSA,OK,74107,,,36.12266,-96.00048,NO,324,Petroleum,,,,,,,324110,,,,,,1.31221e+12,BENZENE,71432,4754.0,YES,TRI,NO,0,YES,R,Pounds,10000.0,2700.0,0.0,0,0.0,0.0,0,0.0,0.0,0.0,0,0.0,0.0,0.0,12700.0,0.0,0.0,0.0,5.0,0.0,0.0,0,0.0,0.0,0,0,0.0,0.0,250.0,0.0,0.0,0.0,0.0,0.0,0.0,255.0,5.0,0.0,0.0,0.0,0.0,5.0,0.0,250.0,250.0,0.0,1350.0,0.0,0.0,0.0,0.0,1350.0,12955.0,0,0.0,13000.0,22.0,2.0,0.0,92.0,0.0,2.0,7400.0,1200.0,21718.0,5.0,,0.94,HOLLYFRONTIER CORP,8965808,4.97104e+18,1.71535e+19
63995,2012,70805XXNBT4050S,1.10044e+11,EXXONMOBIL REFINING & SUPPLY BATON ROUGE REFINERY (PART),4045 SCENIC HWY,BATON ROUGE,EAST BATON ROUGE PARISH,LA,70805,,,30.484917,-91.17392,NO,324,Petroleum,,,,,,,324110,,,,,,1.31221e+12,BENZENE,71432,4754.0,YES,TRI,NO,0,YES,R,Pounds,15000.0,4500.0,1.0,0,0.0,0.0,0,0.0,0.0,0.0,0,0.0,0.0,0.0,19501.0,0.0,0.0,0.0,0.0,0.0,0.0,0,0.0,0.0,0,0,0.0,0.0,920.0,31.0,0.0,0.0,0.0,0.0,0.0,951.0,79.0,0.0,0.0,0.0,0.0,79.0,0.0,14.0,14.0,0.0,43.0,0.0,0.0,0.0,0.0,43.0,20452.0,0,0.0,19501.0,951.0,0.0,0.0,14.0,0.0,79.0,29000.0,43.0,49588.0,,,1.02,EXXON MOBIL CORP,1213214,6.6001e+18,1.75094e+19
66184,2012,59044CNXRF803HI,1.10001e+11,CHS INC  LAUREL REFINERY,803 HWY 212 S,LAUREL,YELLOWSTONE,MT,59044,,,45.65922,-108.76778,NO,324,Petroleum,,,,,,,324110,,,,,,1.31221e+12,BENZENE,71432,4754.0,YES,TRI,NO,0,YES,R,Pounds,1475.0,2676.0,1.0,0,0.0,0.0,0,0.0,0.0,0.0,0,0.0,0.0,19.0,4171.0,0.0,0.0,0.0,0.0,0.0,0.0,0,0.0,0.0,0,0,0.0,0.0,14.0,0.0,0.0,0.0,0.0,0.0,0.0,14.0,0.0,0.0,0.0,0.0,0.0,0.0,0.0,0.0,0.0,0.0,1.0,0.0,0.0,0.0,0.0,1.0,4185.0,0,0.0,4171.0,14.0,0.0,0.0,0.0,1547.0,0.0,2518.0,1.0,8251.0,0.0,,1.08,CHS INC,6147177,8.5732e+18,1.88558e+18
68797,2012,62201THYLPMONSA,1.1e+11,AFTON CHEMICAL CORP,501 MONSANTO AVE,SAUGET,ST CLAIR,IL,62201,,,38.6026,-90.16734,NO,324,Petroleum,,,,,,,324191,,,,,,1.31221e+12,BENZENE,71432,4754.0,YES,TRI,NO,0,YES,R,Pounds,16.0,584.0,0.0,0,0.0,0.0,0,0.0,0.0,0.0,0,0.0,0.0,0.0,600.0,0.0,4.0,4.0,0.0,0.0,0.0,0,0.0,0.0,0,0,0.0,0.0,0.0,0.0,0.0,0.0,0.0,0.0,0.0,0.0,0.0,0.0,0.0,0.0,0.0,0.0,134.0,0.0,134.0,0.0,40.0,0.0,0.0,0.0,0.0,44.0,600.0,0,0.0,600.0,0.0,0.0,0.0,134.0,0.0,0.0,12491.0,44.0,13269.0,,,0.99,NEWMARKET CORP,3132222,1.46196e+19,1.37045e+19
69343,2012,79721FNLNDIS20E,1.10013e+11,ALON USA-BIG SPRING REFINERY,IH 20 AT REFINERY RD,BIG SPRING,HOWARD,TX,79720,,,32.269104,-101.417673,NO,324,Petroleum,,,,,,,324110,,,,,,1.31221e+12,BENZENE,71432,4754.0,YES,TRI,NO,0,YES,R,Pounds,730.49,15983.1467,1.2564,0,0.0,0.0,0,0.0,0.0,0.0,0,0.0,0.0,0.0,16714.8931,0.0,0.0,0.0,0.0,0.0,0.0,0,0.0,0.0,0,0,0.0,0.0,0.0,0.0,0.0,0.0,0.0,0.0,0.0,0.0,0.0,0.0,16.26,0.0,0.0,16.26,13.22,0.0,13.22,0.0,0.0,0.0,0.0,0.0,0.0,0.0,16714.8931,0,0.0,16714.8931,0.0,0.0,0.0,13.22,0.0,16.26,623.2667,0.0,17367.6398,,,1.21,ALON USA ENERGY INC,,1.69256e+19,1.8312e+18
69465,2012,70669CNCLKOLDSP,1.10001e+11,PHILLIPS 66 LAKE CHARLES REFINERY,2200 OLD SPANISH TRAIL,WESTLAKE,CALCASIEU PARISH,LA,70669,,,30.242155,-93.274386,NO,324,Petroleum,,,,,,,324110,,,,,,1.31221e+12,BENZENE,71432,4754.0,YES,TRI,NO,0,YES,R,Pounds,2218.89,7496.47,82.69,0,0.0,0.0,0,0.0,0.0,0.0,0,0.0,0.0,4.4,9802.45,0.0,0.0,0.0,0.0,0.0,0.0,0,0.0,0.0,0,0,0.0,0.0,0.0,189.26,0.0,0.0,0.0,0.0,0.0,189.26,0.0,0.0,36.6212,0.0,0.0,36.6212,4.566,0.0,4.566,0.0,0.0,0.0,0.0,0.0,0.0,0.0,9991.71,0,0.0,9802.45,189.26,0.0,0.0,4.566,0.0,36.6212,119442.14,0.0,129475.0372,,,1.1,PHILLIPS 66 CO,78378508,6.6001e+18,1.43035e+19
70423,2012,90805DGNGT2400E,1.1e+11,EDGINGTON OIL CO,2400 E ARTESIA BLVD,LONG BEACH,LOS ANGELES,CA,90805,,,33.87461,-118.16412,NO,324,Petroleum,,,,,,,324110,,,,,,1.31221e+12,BENZENE,71432,4754.0,YES,TRI,NO,0,YES,R,Pounds,5.1,136.1,0.0,0,0.0,0.0,0,0.0,0.0,0.0,0,0.0,0.0,0.0,141.2,0.0,26.06,26.06,0.0,0.0,0.0,0,0.0,0.0,0,0,0.0,0.0,0.0,0.0,0.0,0.0,0.0,0.0,0.0,0.0,0.0,0.0,0.0,0.0,0.0,0.0,0.0,0.0,0.0,0.0,0.0,0.0,0.0,0.0,0.0,26.06,141.2,0,0.0,141.2,0.0,0.0,0.0,0.0,0.0,0.0,0.0,26.06,167.26,,,,ALON USA ENERGY INC,72784523,5.54283e+18,1.47265e+19
70607,2012,59414MNTNR19001,1.1e+11,CALUMET MONTANA REFINING LLC,1900 10TH ST NE,GREAT FALLS,CASCADE,MT,59404,,,47.523611,-111.294167,NO,324,Petroleum,,,,,,,324110,,,,,,1.31221e+12,BENZENE,71432,4754.0,YES,TRI,NO,0,YES,R,Pounds,2115.34,5134.43,0.0,0,0.0,0.0,0,0.0,0.0,0.0,0,0.0,0.0,0.0,7249.77,0.0,209.0,209.0,0.0,0.0,0.0,0,0.0,0.0,0,0,0.0,0.0,5.7,2.6,0.0,0.0,0.0,0.0,0.0,8.3,0.0,0.0,0.3,0.0,0.0,0.3,2.5,0.0,2.5,0.0,10.5,0.0,0.0,0.0,0.0,219.5,7258.07,0,0.0,7249.77,8.3,0.0,0.0,2.5,4747.0,0.3,0.0,219.5,12227.37,0.0,,1.01,CALUMET SPECIALTY PRODUCTS PARTNERS LP,,8.5732e+18,4.08195e+17
71311,2012,44711SHLND2408G,1.1e+11,MARATHON PETROLEUM CO LP OHIO REFINING DIV,2408 GAMBRINUS AVE SW,CANTON,STARK,OH,44706,,,40.7729,-81.4151,NO,324,Petroleum,,,,,,,324110,,,,,,1.31221e+12,BENZENE,71432,4754.0,YES,TRI,NO,0,YES,R,Pounds,1981.0,2187.0,0.0,0,0.0,0.0,0,0.0,0.0,0.0,0,0.0,0.0,9.0,4177.0,0.0,0.0,0.0,0.0,0.0,0.0,0,0.0,0.0,0,0,0.0,0.0,0.0,0.0,0.0,0.0,0.0,0.0,0.0,0.0,0.0,0.0,7.0,0.0,0.0,7.0,0.0,0.0,0.0,0.0,41.0,0.0,0.0,0.0,0.0,41.0,4177.0,0,0.0,4165.0,0.0,0.0,0.0,0.0,30924.0,7.0,4383.0,41.0,39520.0,12.0,,1.22,MARATHON PETROLEUM CORP,968393996,1.77149e+19,1.52567e+19
71479,2012,77640FNLNDHIGHW,1.10001e+11,TOTAL PETROCHEMICALS & REFINING USA INC-PORT ARTHUR REFI,7600 32ND ST,PORT ARTHUR,JEFFERSON,TX,77642,,,29.980194,-93.882111,NO,324,Petroleum,,,,,,,324110,,,,,,1.31221e+12,BENZENE,71432,4754.0,YES,TRI,NO,0,YES,R,Pounds,10369.0,7719.0,0.0,0,0.0,0.0,0,0.0,0.0,0.0,0,0.0,0.0,0.0,18088.0,0.0,0.0,0.0,0.0,0.0,0.0,0,0.0,0.0,0,0,0.0,0.0,2.19,0.0,0.0,0.0,0.0,0.0,0.0,2.19,0.0,0.0,0.0,0.0,0.0,0.0,16.13,0.0,16.13,0.0,628.49,0.0,0.0,0.0,0.0,628.49,18090.19,0,0.0,18088.0,2.19,0.0,0.0,16.13,0.0,0.0,8512.48,628.49,27247.29,,,1.22,TOTAL HOLDINGS USA INC,1329077,1.69256e+19,1.35636e+19
71641,2012,71109TLSPR3333M,1.10001e+11,CALUMET LUBRICANTS & WAXES LLC,3333 MIDWAY ST,SHREVEPORT,CADDO,LA,71109,,,32.470833,-93.790833,NO,324,Petroleum,,,,,,,324110,,,,,,1.31221e+12,BENZENE,71432,4754.0,YES,TRI,NO,0,YES,R,Pounds,3000.0,1300.0,6.0,0,0.0,0.0,0,0.0,0.0,0.0,0,0.0,0.0,5.0,4311.0,0.0,0.0,0.0,0.0,0.0,0.0,0,0.0,0.0,0,0,0.0,0.0,0.0,0.0,0.0,0.0,1954.0,0.0,0.0,1954.0,0.0,0.0,0.0,0.0,0.0,0.0,9202.0,0.0,9202.0,0.0,1.0,0.0,0.0,0.0,0.0,1.0,6265.0,0,0.0,4311.0,0.0,1954.0,31000.0,9202.0,81000.0,0.0,32000.0,1.0,159468.0,,,1.02,,,6.6001e+18,7.37294e+18
71758,2012,93420NCLSN2555W,1.1e+11,PHILLIPS 66 CO-SANTA MARIA REFINERY,2555 WILLOW RD,ARROYO GRANDE,SAN LUIS OBISPO,CA,93420,,,35.038889,-120.589722,NO,324,Petroleum,,,,,,,324110,,,,,,1.31221e+12,BENZENE,71432,4754.0,YES,TRI,NO,0,YES,R,Pounds,50.0,240.0,0.0,0,0.0,0.0,0,0.0,0.0,0.0,0,0.0,0.2,0.0,290.2,0.0,0.0,0.0,0.0,0.0,0.0,0,0.0,0.0,0,0,0.0,0.0,0.2,0.0,0.0,0.0,0.0,0.0,0.0,0.2,1.0,0.0,0.0,0.0,0.0,1.0,0.0,0.0,0.0,0.0,4.0,0.0,0.0,0.0,0.0,4.0,290.4,0,0.0,290.2,0.2,0.0,0.0,0.0,0.0,1.0,440.0,4.0,735.4,,,0.99,PHILLIPS 66 CO,78378508,5.54283e+18,1.66291e+19
72205,2012,46312SFTYK601RI,1.1e+11,SAFETY-KLEEN SYSTEMS INC,601 RILEY RD,EAST CHICAGO,LAKE,IN,46312,,,41.648417,-87.482414,NO,324,Petroleum,,,,,,,324191,,,,,,1.31221e+12,BENZENE,71432,4754.0,YES,TRI,NO,0,YES,R,Pounds,1.57,50.49,0.0,0,0.0,0.0,0,0.0,0.0,0.0,0,0.0,0.0,0.0,52.06,0.0,19.0,19.0,0.0,0.0,0.0,0,0.0,0.0,0,0,0.0,0.0,0.0,0.0,0.0,0.0,0.0,0.0,0.0,0.0,0.0,0.0,0.0,0.0,0.0,0.0,384.0,0.0,384.0,0.0,0.0,0.0,0.0,0.0,0.0,19.0,52.06,0,0.0,52.06,0.0,0.0,12783.0,384.0,0.0,0.0,269.0,19.0,13507.06,,,0.96,SAFETY-KLEEN SYSTEMS INC.,53976551,7.60137e+18,3.85996e+18
72424,2012,84116CHVRN2351N,1.1e+11,CHEVRON PRODUCTS CO - SALT LAKE REFINERY,2351 NORTH 1100 WEST,SALT LAKE CITY,SALT LAKE,UT,84116,,,40.8249,-111.9238,NO,324,Petroleum,,,,,,,324110,424710,,,,,1.31221e+12,BENZENE,71432,4754.0,YES,TRI,NO,0,YES,R,Pounds,1400.0,2700.0,5.0,0,0.0,0.0,0,0.0,0.0,0.0,0,0.0,0.0,0.0,4105.0,0.0,0.0,0.0,0.0,0.0,0.0,0,0.0,0.0,0,0,0.0,0.0,5.0,79.0,0.0,0.0,0.0,0.0,0.0,84.0,0.0,0.0,0.0,0.0,0.0,0.0,0.0,0.0,0.0,0.0,32.0,42.0,0.0,0.0,0.0,74.0,4189.0,0,0.0,4105.0,84.0,0.0,0.0,0.0,0.0,0.0,17000.0,74.0,21263.0,,,1.07,CHEVRON CORP,1382555,4.13081e+18,1.65023e+19
72799,2012,77536DRPRK5900H,1.10067e+11,DEER PARK REFINING LP,5900 HWY 225 EAST,DEER PARK,HARRIS,TX,77536,,,29.710967,-95.119144,NO,324,Petroleum,,,,,,,324110,,,,,,1.31221e+12,BENZENE,71432,4754.0,YES,TRI,NO,0,YES,R,Pounds,608.0,12633.4,0.74,0,0.0,0.0,0,0.0,0.0,0.0,0,0.0,0.0,0.0,13242.14,0.0,0.0,0.0,0.0,0.0,0.0,0,1.33,0.0,0,0,0.0,0.0,0.0,2.11,0.0,0.0,0.0,0.0,0.0,3.44,0.0,0.0,359.86,0.0,0.0,359.86,1.44,0.0,1.44,0.0,0.38,0.0,0.0,0.0,0.0,0.38,13245.58,0,0.0,13242.14,3.44,0.0,0.0,1.44,0.0,359.86,24374.0,0.38,37981.26,,,1.06,DEER PARK REFINING LP,618143986,1.69256e+19,1.7512e+19
73007,2012,77017LYNDL12000,1.10058e+11,HOUSTON REFINING LP,12000 LAWNDALE ST,HOUSTON,HARRIS,TX,77017,,,29.7125,-95.235833,NO,324,Petroleum,,,,,,,324110,325110,,,,,1.31221e+12,BENZENE,71432,4754.0,YES,TRI,NO,0,YES,R,Pounds,5499.0,8742.0,0.0,0,0.0,0.0,0,0.0,0.0,0.0,0,0.0,0.0,1.0,14242.0,0.0,2685.0,2685.0,34.0,0.0,0.0,0,0.0,0.0,0,0,0.0,0.0,0.0,0.0,0.0,0.0,0.0,0.0,0.0,34.0,0.0,0.0,9.0,0.0,0.0,9.0,0.0,0.0,0.0,0.0,0.0,0.0,0.0,0.0,0.0,2685.0,14276.0,0,0.0,14242.0,0.0,34.0,0.0,0.0,0.0,9.0,0.0,2685.0,16970.0,,,0.97,LYONDELLBASELL INDUSTRIES,181843095,1.69256e+19,1.53898e+19
73432,2012,54880MRPHY24THA,1.1e+11,CALUMET SUPERIOR LLC,2407 STINSON AVE,SUPERIOR,DOUGLAS,WI,54880,,,46.6915,-92.072,NO,324,Petroleum,,,,,,,324110,,,,,,1.31221e+12,BENZENE,71432,4754.0,YES,TRI,NO,0,YES,R,Pounds,1302.7,4467.7,0.7,0,0.0,0.0,0,0.0,0.0,0.0,0,0.0,0.0,0.0,5771.1,0.0,0.0,0.0,0.0,0.0,0.0,0,0.0,0.0,0,0,0.0,0.0,0.0,0.0,0.0,0.0,0.0,8.4,0.0,8.4,0.0,0.0,0.0,0.0,0.0,0.0,0.0,758.7,758.7,0.0,0.0,0.0,0.0,0.0,0.0,0.0,5779.5,0,0.0,5771.1,0.0,8.4,0.0,758.7,0.0,0.0,18601.6,0.0,25139.8,,,0.98,CALUMET SPECIALTY PRODUCTS PARTNERS LP,620499699,9.09052e+18,4.12421e+18
74118,2012,70047TRNSM14902,1.1e+11,VALERO REFINING - NEW ORLEANS LLC,14902 RIVER RD,NORCO,ST CHARLES PARISH,LA,70079,,,29.985278,-90.392778,NO,324,Petroleum,,,,,,,324110,,,,,,1.31221e+12,BENZENE,71432,4754.0,YES,TRI,NO,0,YES,R,Pounds,892.0,5187.0,13.0,0,0.0,0.0,0,0.0,0.0,0.0,0,0.0,0.0,0.0,6092.0,0.0,0.0,0.0,0.0,0.0,0.0,0,0.0,0.0,0,0,0.0,0.0,183.0,0.0,0.0,0.0,0.0,0.0,0.0,183.0,0.0,0.0,1.0,0.0,0.0,1.0,0.0,0.0,0.0,0.0,0.0,0.0,0.0,0.0,0.0,0.0,6275.0,0,0.0,6092.0,183.0,0.0,1555.0,0.0,0.0,1.0,37200.0,0.0,45031.0,0.0,,0.89,VALERO ENERGY CORP,,6.6001e+18,7.79989e+18
75032,2012,82609LTTLM5700E,1.10012e+11,SINCLAIR CASPER REFINING CO,5700 E HWY 20/26,CASPER,NATRONA,WY,82609,,,42.5129,-106.1434,NO,324,Petroleum,,,,,,,324110,,,,,,1.31221e+12,BENZENE,71432,4754.0,YES,TRI,NO,0,YES,R,Pounds,521.0,1700.0,0.0,0,0.0,0.0,0,0.0,0.0,0.0,0,0.0,0.0,0.0,2221.0,0.0,0.0,0.0,0.0,0.0,0.0,0,0.0,0.0,0,0,0.0,0.0,23.0,0.0,0.0,0.0,0.7,0.0,0.0,23.7,0.0,0.0,0.0,0.0,0.0,0.0,0.8,0.0,0.8,0.0,0.0,0.0,0.0,0.0,0.0,0.0,2244.7,0,0.0,2221.0,23.0,0.7,0.0,0.8,0.0,0.0,6500.0,0.0,8745.5,,,1.14,SINCLAIR OIL CORP,79959185,5.89999e+18,2.46691e+18
75396,2012,59101XXNBL700EX,1.1e+11,EXXONMOBIL BILLINGS REFINERY,700 EXXONMOBIL RD,BILLINGS,YELLOWSTONE,MT,59101,,,45.813904,-108.433295,NO,324,Petroleum,,,,,,,324110,424710.0,,,,,1.31221e+12,BENZENE,71432,4754.0,YES,TRI,NO,0,YES,R,Pounds,7200.0,2000.0,15.0,0,0.0,0.0,0,0.0,0.0,0.0,0,0.0,0.0,0.0,9215.0,0.0,0.0,0.0,0.0,0.0,0.0,0,0.0,0.0,0,0,0.0,0.0,0.0,4.0,0.0,0.0,0.0,0.0,0.0,4.0,17.0,0.0,0.0,0.0,0.0,17.0,0.0,1.0,1.0,0.0,22.0,0.0,0.0,0.0,0.0,22.0,9219.0,0,0.0,9213.0,4.0,0.0,0.0,1.0,0.0,17.0,9800.0,22.0,19057.0,2.0,,1.05,EXXON MOBIL CORP,1213214,8.5732e+18,1.13007e+19
75526,2012,90748NNPCF2402E,1.10001e+11,ULTRAMAR INC WILMINGTON REFINERY,2402 E. ANAHEIM STREET,WILMINGTON,LOS ANGELES,CA,90744,,,33.7783,-118.2351,NO,324,Petroleum,,,,,,,324110,,,,,,1.31221e+12,BENZENE,71432,4754.0,YES,TRI,NO,0,YES,R,Pounds,387.0,641.0,2901.0,0,0.0,0.0,0,0.0,0.0,0.0,0,0.0,0.0,0.0,3929.0,0.0,843.0,843.0,0.0,0.0,0.0,0,0.0,0.0,0,0,0.0,0.0,0.18,0.0,0.0,0.0,0.0,0.0,0.0,0.18,0.0,0.0,0.056,0.0,0.0,0.056,0.0,0.0,0.0,0.0,0.06,0.0,0.0,0.0,0.0,843.06,3929.18,0,0.0,3929.0,0.18,0.0,0.0,0.0,0.0,0.056,1.0,843.06,4773.296,,,0.77,VALERO ENERGY CORP,155946312,5.54283e+18,2.74911e+18
75673,2012,63104SCHFF102BA,1.1e+11,SCHAEFFER MANUFACTURING,102 BARTON ST,SAINT LOUIS,ST LOUIS (CITY),MO,63104,,,38.60065,-90.19968,NO,324,Petroleum,,,,,,,324191,,,,,,1.31221e+12,BENZENE,71432,4754.0,YES,TRI,NO,0,YES,R,Pounds,842.94,0.0,0.0,0,0.0,0.0,0,0.0,0.0,0.0,0,0.0,0.0,0.0,842.94,0.0,0.0,0.0,0.0,0.0,0.0,0,0.0,0.0,0,0,0.0,0.0,0.0,0.0,0.0,0.0,0.0,0.0,0.0,0.0,0.0,0.0,0.0,0.0,0.0,0.0,0.0,0.0,0.0,0.0,0.0,0.0,0.0,0.0,0.0,0.0,842.94,0,0.0,842.94,0.0,0.0,0.0,0.0,0.0,0.0,0.0,0.0,842.94,,,0.9,,,2.83454e+17,1.59804e+18
76200,2012,90749RCPRD1801E,1.10017e+11,TESORO LOS ANGELES REFINERY-CARSON OPERATIONS,2350 E 223RD ST,CARSON,LOS ANGELES,CA,90810,,,33.81323,-118.24298,NO,324,Petroleum,,,,,,,324110,,,,,,1.31221e+12,BENZENE,71432,4754.0,YES,TRI,NO,0,YES,R,Pounds,360.82,2650.54,0.0,0,0.0,0.0,0,0.0,0.0,0.0,0,0.0,0.0,0.0,3011.36,0.0,2810.0,2810.0,0.0,0.0,0.0,0,0.0,0.0,0,0,0.0,0.0,15.0,0.0,0.0,0.0,0.0,10.0,0.0,25.0,0.0,0.0,0.0,0.0,0.0,0.0,0.0,0.0,0.0,0.0,204.0,0.0,0.0,0.0,0.0,3014.0,3036.36,0,0.0,3011.36,15.0,10.0,0.0,0.0,0.0,0.0,0.0,3014.0,6050.36,,,1.04,TESORO CORP,8133480,5.54283e+18,1.36048e+19
77185,2012,08066MBLLCBILLI,1.10022e+11,PAULSBORO REFINING CO LLC,800 BILLINGSPORT RD,PAULSBORO,GLOUCESTER,NJ,8066,,,39.8401,-75.2574,NO,324,Petroleum,,,,,,,324110,,,,,,1.31221e+12,BENZENE,71432,4754.0,YES,TRI,NO,0,YES,R,Pounds,6587.0,1572.0,12.0,0,0.0,0.0,0,0.0,0.0,0.0,0,0.0,0.0,0.0,8171.0,0.0,0.0,0.0,0.0,0.0,0.0,0,0.0,0.0,0,0,0.0,0.0,0.0,0.0,0.0,0.0,0.0,0.0,0.0,0.0,0.0,0.0,0.0,0.0,0.0,0.0,0.0,0.0,0.0,2.0,17.0,0.0,0.0,0.0,0.0,19.0,8171.0,0,0.0,7099.0,0.0,0.0,0.0,0.0,120974.0,0.0,11670.0,19.0,139762.0,1072.0,,0.97,PBF ENERGY,,8.50306e+18,7.33879e+18
77211,2012,48217MRTHN1300S,1.10001e+11,MARATHON PETROLEUM CO LP - MICHIGAN REFINING DIV,1300 S FORT ST HES DEPT,DETROIT,WAYNE,MI,48217,,,42.282182,-83.158756,NO,324,Petroleum,,,,,,,324110,,,,,,1.31221e+12,BENZENE,71432,4754.0,YES,TRI,NO,0,YES,R,Pounds,3670.0,1300.0,0.0,0,0.0,0.0,0,0.0,0.0,0.0,0,0.0,0.0,1.0,4971.0,0.0,741.0,741.0,0.0,0.0,0.0,0,0.0,0.0,0,0,0.0,0.0,0.0,0.0,0.0,0.0,0.0,0.0,74.0,74.0,0.0,0.0,0.0,0.0,0.0,0.0,462.0,0.0,462.0,21.0,17.0,10.0,0.0,0.0,0.0,789.0,5045.0,0,0.0,4969.0,0.0,74.0,0.0,462.0,8.0,0.0,7062.0,789.0,13364.0,2.0,,0.78,MARATHON PETROLEUM CORP,968393996,1.27876e+19,1.45388e+19
77313,2012,55071SHLND100WT,1.10044e+11,ST PAUL PARK REFINING CO LLC,301 ST PAUL PARK RD,SAINT PAUL PARK,WASHINGTON,MN,55071,,,44.850583,-93.002139,NO,324,Petroleum,,,,,,,324110,424710.0,,,,,1.31221e+12,BENZENE,71432,4754.0,YES,TRI,NO,0,YES,R,Pounds,4200.0,2500.0,25.0,0,0.0,0.0,0,0.0,0.0,0.0,0,0.0,0.0,0.0,6725.0,0.0,0.0,0.0,0.0,0.0,0.0,0,0.0,0.0,0,0,0.0,0.0,1.0,0.0,0.0,0.0,0.0,0.0,0.0,1.0,0.0,0.0,22.0,0.0,0.0,22.0,38.0,0.0,38.0,0.0,18.0,0.0,0.0,0.0,0.0,18.0,6726.0,0,0.0,6680.0,1.0,0.0,0.0,38.0,96000.0,22.0,43000.0,18.0,145759.0,45.0,,1.15,NORTHERN TIER ENERGY LLC,965355766,1.38108e+19,1.24976e+19
77617,2012,71018KRRMCLA7SO,1.10001e+11,CALUMET LUBRICANTS CO LP CALUMET COTTON VALLEY,1756 OLD HWY 7,COTTON VALLEY,WEBSTER PARISH,LA,71018,,,32.800556,-93.412778,NO,324,Petroleum,,,,,,,324110,,,,,,1.31221e+12,BENZENE,71432,4754.0,YES,TRI,NO,0,YES,R,Pounds,600.0,11000.0,0.0,0,0.0,0.0,0,0.0,0.0,0.0,0,0.0,0.0,0.0,11600.0,0.0,0.0,0.0,0.0,0.0,0.0,0,0.0,0.0,0,0,0.0,0.0,0.0,0.0,0.0,0.0,0.0,0.0,0.0,0.0,0.0,0.0,1100.0,0.0,0.0,1100.0,48.0,0.0,48.0,0.0,0.0,0.0,0.0,0.0,0.0,0.0,11600.0,0,0.0,11600.0,0.0,0.0,0.0,48.0,3600.0,1100.0,11000.0,0.0,27348.0,,,0.93,,,6.6001e+18,1.37522e+19
78240,2012,90245CHVRN324WE,1.10003e+11,CHEVRON PRODUCTS CO DIV OF CHEVRON USA INC,324 W EL SEGUNDO BLVD,EL SEGUNDO,LOS ANGELES,CA,90245,,,33.908126,-118.41074,NO,324,Petroleum,,,,,,,324110,,,,,,1.31221e+12,BENZENE,71432,4754.0,YES,TRI,NO,0,YES,R,Pounds,300.0,720.0,17.0,0,0.0,0.0,0,0.0,0.0,0.0,0,0.0,0.0,1.0,1038.0,0.0,0.0,0.0,0.0,0.0,0.0,0,0.0,0.0,0,0,0.0,0.0,0.0,1.0,0.0,0.0,0.0,0.0,0.0,1.0,0.0,0.0,0.0,0.0,0.0,0.0,0.0,0.0,0.0,0.0,251.0,0.0,0.0,0.0,0.0,251.0,1039.0,0,0.0,1038.0,1.0,0.0,0.0,0.0,0.0,0.0,57000.0,251.0,58290.0,0.0,,1.09,CHEVRON CORP,1382555,5.54283e+18,1.28656e+19
78544,2012,98248MBLLC3901U,1.1e+11,PHILLIPS 66 FERNDALE REFINERY,3901 UNICK RD,FERNDALE,WHATCOM,WA,98248,,,48.830142,-122.692114,NO,324,Petroleum,,,,,,,324110,,,,,,1.31221e+12,BENZENE,71432,4754.0,YES,TRI,NO,0,YES,R,Pounds,4683.0,2018.0,0.0,0,0.0,0.0,0,0.0,0.0,0.0,0,0.0,0.0,40.0,6741.0,0.0,0.0,0.0,0.0,0.0,0.0,0,0.0,0.0,0,0,0.0,0.0,27.0,0.0,0.0,0.0,0.0,0.0,0.0,27.0,0.0,0.0,0.0,0.0,0.0,0.0,0.0,0.0,0.0,0.0,26.0,0.0,0.0,0.0,0.0,26.0,6768.0,0,0.0,6701.0,27.0,0.0,0.0,0.0,0.0,0.0,20913.0,26.0,27667.0,40.0,,0.88,PHILLIPS 66 CO,78378508,6.61462e+18,1.77153e+19
78617,2012,98248RCCHR4519G,1.1e+11,BP CHERRY POINT REFINERY,4519 GRANDVIEW RD,BLAINE,WHATCOM,WA,98230,,,48.8864,-122.7353,NO,324,Petroleum,,,,,,,324110,,,,,,1.31221e+12,BENZENE,71432,4754.0,YES,TRI,NO,0,YES,R,Pounds,1760.0,1407.0,5.0,0,0.0,0.0,0,0.0,0.0,2.79,0,0.0,0.0,0.0,3174.79,0.0,0.0,0.0,0.0,0.0,0.0,0,0.0,0.0,0,0,0.0,0.0,0.0,83.0,0.0,32.0,0.0,0.0,0.0,115.0,0.0,0.0,0.0,0.0,0.0,0.0,0.0,0.0,0.0,0.0,171.0,20.0,0.0,0.0,0.0,191.0,3289.79,0,0.0,3174.79,83.0,32.0,0.0,0.0,0.0,0.0,17850.84,191.0,21331.63,,,0.89,BP PRODUCTS NA INC,39596507,6.61462e+18,1.0155e+18
79662,2012,41114CTLTTPOBOX,1.10008e+11,CATLETTSBURG REFINING LLC,11631 US RT 23,CATLETTSBURG,BOYD,KY,41129,,,38.377246,-82.597162,NO,324,Petroleum,,,,,,,324110,424710.0,,,,,1.31221e+12,BENZENE,71432,4754.0,YES,TRI,NO,0,YES,R,Pounds,12087.0,7855.0,0.0,0,0.0,0.0,0,0.0,0.0,0.0,0,0.0,0.0,10.0,19952.0,0.0,0.0,0.0,0.0,0.0,0.0,0,0.0,0.0,0,0,0.0,0.0,20.0,0.0,0.0,0.0,0.0,0.0,0.0,20.0,0.0,0.0,182.0,0.0,0.0,182.0,0.0,0.0,0.0,6.0,1309.0,0.0,0.0,6.0,0.0,1321.0,19972.0,0,0.0,19875.0,20.0,0.0,0.0,0.0,2490191.0,182.0,27385.0,1321.0,2538974.0,77.0,,1.07,MARATHON PETROLEUM CORP,968393996,6.90089e+18,3.97124e+18
80250,2012,94802CHVRN841ST,1.10021e+11,CHEVRON PRODUCTS CO RICHMOND REFINERY,841 CHEVRON WAY,RICHMOND,CONTRA COSTA,CA,94801,,,37.938779,-122.396453,NO,324,Petroleum,,,,,,,324110,,,,,,1.31221e+12,BENZENE,71432,4754.0,YES,TRI,NO,0,YES,R,Pounds,1300.0,2700.0,6.0,0,0.0,0.0,0,0.0,0.0,0.0,0,0.0,0.0,0.0,4006.0,0.0,0.0,0.0,0.0,0.0,0.0,0,0.0,0.0,0,0,0.0,0.0,2.0,167.0,0.0,0.0,144.0,0.0,0.0,313.0,0.0,0.0,0.0,0.0,0.0,0.0,0.0,0.0,0.0,1.0,146.0,0.0,0.0,0.0,0.0,147.0,4319.0,0,0.0,4006.0,169.0,144.0,0.0,0.0,0.0,0.0,1900.0,147.0,6366.0,,,0.71,CHEVRON CORP,1382555,5.54283e+18,1.38734e+19
80272,2012,96707HWNND91325,1.1e+11,PAR HAWAII REFINING LLC,91-325 KOMOHANA ST,KAPOLEI,HONOLULU,HI,96707,,,21.304371,-158.0937,NO,324,Petroleum,,,,,,,324110,,,,,,1.31221e+12,BENZENE,71432,4754.0,YES,TRI,NO,0,YES,R,Pounds,1000.0,2500.0,0.0,0,0.0,0.0,0,0.0,0.0,0.0,0,0.0,0.0,0.0,3500.0,0.0,0.0,0.0,0.0,0.0,0.0,0,0.0,0.0,0,0,0.0,0.0,0.023,0.0,0.0,0.0,0.774,0.0,0.0,0.797,0.0,0.0,0.0,0.0,0.0,0.0,0.0,0.0,0.0,0.0,310.0,0.5,0.0,0.0,0.0,310.5,3500.797,0,0.0,3500.0,0.023,0.774,0.0,0.0,1400.0,0.0,12000.0,310.5,17211.297,,,1.1,PAR PETROLEUM CORP,47402961,7.4465e+18,1.02823e+19
80546,2012,39477STHLNHIGHW,1.10001e+11,HUNT SOUTHLAND REFINING CO-SANDERSVILLE,HWY 11 N,SANDERSVILLE,JONES,MS,39477,,,31.8167,-89.0089,NO,324,Petroleum,,,,,,,324110,,,,,,1.31221e+12,BENZENE,71432,4754.0,YES,TRI,NO,0,YES,R,Pounds,17.0,38.0,0.0,0,0.0,0.0,0,0.0,0.0,0.0,0,0.0,0.0,0.0,55.0,0.0,0.0,0.0,0.0,0.0,0.0,0,0.0,0.0,0,0,0.0,0.0,0.0,0.0,0.0,0.0,0.0,0.0,0.0,0.0,0.0,0.0,0.0,0.0,0.0,0.0,0.0,0.0,0.0,0.0,0.0,0.0,0.0,0.0,0.0,0.0,55.0,0,0.0,55.0,0.0,0.0,0.0,0.0,0.0,0.0,0.0,0.0,55.0,,,1.04,HUNT REFINING CO A CORP,175261817,7.8794e+18,2.65435e+18
80907,2012,70767PLCDR1940L,1.1e+11,PLACID REFINING CO LLC,"1940 LOUISIANA HWY 1, N",PORT ALLEN,WEST BATON ROUGE PARISH,LA,70767,,,30.475803,-91.208107,NO,324,Petroleum,,,,,,,324110,,,,,,1.31221e+12,BENZENE,71432,4754.0,YES,TRI,NO,0,YES,R,Pounds,258.0,4735.0,15.0,0,0.0,0.0,0,0.0,0.0,0.0,0,0.0,0.0,0.0,5008.0,0.0,0.0,0.0,0.0,0.0,0.0,0,0.0,0.0,0,0,0.0,0.0,8.0,0.0,0.0,0.0,0.0,0.0,0.0,8.0,0.0,0.0,60.0,0.0,0.0,60.0,0.0,0.0,0.0,0.0,0.0,0.0,0.0,0.0,0.0,0.0,5016.0,0,0.0,5008.0,8.0,0.0,0.0,0.0,1232.0,60.0,36327.0,0.0,42635.0,,,0.97,,,6.6001e+18,8.57065e+18
81703,2012,99686PTRST25MIL,1.10042e+11,PETRO STAR VALDEZ REFINERY,2.5 MILE DAYVILLE RD,VALDEZ,VALDEZ-CORDOVA CENSUS ARE,AK,99686,,,61.083809,-146.250842,NO,324,Petroleum,,,,,,,324110,,,,,,1.31221e+12,BENZENE,71432,4754.0,YES,TRI,NO,0,YES,A,Pounds,0.0,0.0,0.0,0,0.0,0.0,0,0.0,0.0,0.0,0,0.0,0.0,0.0,0.0,0.0,0.0,0.0,0.0,0.0,0.0,0,0.0,0.0,0,0,0.0,0.0,0.0,0.0,0.0,0.0,0.0,0.0,0.0,0.0,0.0,0.0,0.0,0.0,0.0,0.0,0.0,0.0,0.0,0.0,0.0,0.0,0.0,0.0,0.0,0.0,0.0,0,0.0,0.0,0.0,0.0,0.0,0.0,0.0,0.0,0.0,0.0,0.0,0.0,,0.0,ARCTIC SLOPE REGIONAL CORP,78316575,1.5022e+17,1.26439e+19
82507,2012,70750HLLPTHWY10,1.10041e+11,ALON REFINING KROTZ SPRINGS INC,HWY 105 S,KROTZ SPRINGS,ST LANDRY PARISH,LA,70750,,,30.526504,-91.748383,NO,324,Petroleum,,,,,,,324110,,,,,,1.31221e+12,BENZENE,71432,4754.0,YES,TRI,NO,0,YES,R,Pounds,2626.0,3536.0,7.0,0,0.0,0.0,0,0.0,0.0,0.0,0,0.0,0.0,0.0,6169.0,0.0,0.0,0.0,0.0,0.0,0.0,0,0.0,0.0,0,0,0.0,0.0,1.0,0.0,0.0,0.0,0.0,0.0,0.0,1.0,0.0,0.0,76.0,0.0,0.0,76.0,0.0,0.0,0.0,0.0,0.0,0.0,0.0,0.0,0.0,0.0,6170.0,0,0.0,6169.0,1.0,0.0,555.0,0.0,41917.0,76.0,20120.0,0.0,68838.0,,,1.1,ALON USA ENERGY INC,876661062.0,6.6001e+18,1.66706e+19
